"sp","ba","Latin","n","prop_ba","prop_n","adj_ba","adj_n"
"acacme",0.117348695787703,"Vachellia melanoceras",41,7.42926344182535e-05,0.000197382040160024,13460.2845602458,5066.31707317073
"acaldi",1.23064980700542,"Acalypha diversifolia",1439,0.000779115742148102,0.00692762819000669,1283.50634687845,144.349548297429
"acalma",0.148204633433099,"Acalypha macrostachya",62,9.38273116443979e-05,0.000298480158290768,10657.8775675676,3350.3064516129
"ade1tr",2.27452172057881,"Adelia triloba",120,0.00143998371289139,0.00057770353217568,694.452299041682,1730.99166666667
"aegipa",0.262945021920159,"Aegiphila panamensis",26,0.000166468645045317,0.000125169098638064,6007.13725835743,7989.19230769231
"alchco",11.5723196478827,"Alchornea costaricensis",266,0.00732635422320064,0.00128057616298942,136.49353683081,780.898496240602
"alibed",0.361320854274669,"Alibertia edulis",455,0.000228749692990896,0.00219045922616612,4371.59056663652,456.525274725275
"allops",0.952348680194517,"Allophylus psilospermus",97,0.000602925255039875,0.000466977021842008,1658.58038229609,2141.43298969072
"alsebl",74.2908892447847,"Alseis blackiana",8064,0.0470330397642827,0.0388216773622057,21.2616493641861,25.7588045634921
"amaico",0.0610293642867987,"Amaioua glomerulata",19,3.86372615332694e-05,9.14697259278159e-05,25881.7514574352,10932.5789473684
"anacex",30.6344718566789,"Anacardium excelsum",24,0.0193944687920683,0.000115540706435136,51.561092532164,8654.95833333333
"anaxpa",0.487696916552463,"Anaxagorea panamensis",892,0.000308757489677515,0.00429426292250589,3238.78783003599,232.868834080718
"andiin",0.965142030878098,"Andira inermis",247,0.000611024635428722,0.00118910643706161,1636.59522385436,840.967611336032
"annoac",0.273803936927292,"Annona acuminata",492,0.000173343347805229,0.00236858448192029,5768.89746656799,422.193089430894
"annosp",0.250293828304152,"Annona spraguei",84,0.000158459263296679,0.000404392472522976,6310.77022065745,2472.84523809524
"apeime",29.5125627815903,"Apeiba membranacea",261,0.0186841960429202,0.0012565051824821,53.5211682484417,795.858237547893
"apeiti",0.799777232972929,"Apeiba tibourbou",44,0.000506333344281842,0.000211824628464416,1974.9834990985,4720.88636363636
"aphesi",0.00822783115975167,"Aphelandra sinclairiana",10,5.20898207094177e-06,4.814196101464e-05,191976.087915235,20771.9
"appuse",0.000552134908868406,"Appunia seibertii",4,3.495527296556e-07,1.9256784405856e-05,2860798.71550498,51929.75
"ardiba",0.00103044239037745,"Ardisia bartlettii",6,6.52365834008745e-07,2.8885176608784e-05,1532882.23856707,34619.8333333333
"ardife",0.143204003326747,"Ardisia fendleri",133,9.06614478752412e-05,0.000640288081494712,11030.0466563924,1561.7969924812
"ardigu",0.00651252157089164,"Ardisia guianensis",19,4.12303162774429e-06,9.14697259278159e-05,242539.977930535,10932.5789473684
"aspicr",12.5793940867046,"Aspidosperma cruentum",491,0.00796392597134104,0.00236377028581882,125.566209881734,423.052953156823
"ast1st",1.93316176062688,"Astrocaryum standleyanum",133,0.00122387112178413,0.000640288081494712,817.07949652593,1561.7969924812
"ast2gr",4.34495929919512,"Astronium graveolens",132,0.00275076319008498,0.000635473885393248,363.535473938455,1573.62878787879
"bactba",0.0066468246568326,"Bactris barronis",4,4.20805796739025e-06,1.9256784405856e-05,237639.311946118,51929.75
"bactc1",0.0578485017250391,"Bactris coloniata",54,3.66234798048126e-05,0.000259966589479056,27304.8876111601,3846.64814814815
"bactma",0.556055616500086,"Bactris major",94,0.000352034902097194,0.000452534433537616,2840.62743223087,2209.77659574468
"beilpe",27.5816213415714,"Beilschmiedia tovarensis",1891,0.0174617305905055,0.00910364482786842,57.2680923472574,109.846113167636
"brosal",25.8084067023186,"Brosimum alicastrum",857,0.0163391208669392,0.00412576605895465,61.2028032685293,242.379229871645
"brosgu",0.00851135989673815,"Brosimum guianense",4,5.38848212130546e-06,1.9256784405856e-05,185581.018455292,51929.75
"calolo",6.10091088681647,"Calophyllum longifolium",2174,0.00386244379701146,0.0104660623245827,258.903443662725,95.5469181232751
"cappfr",1.96489655881712,"Capparidastrum frondosum",2222,0.00124396219944339,0.010697143737453,803.882947928358,93.482898289829
"caseac",0.785230088190481,"Casearia aculeata",466,0.000497123649177033,0.00224341538328222,2011.57197340231,445.748927038627
"casear",3.34913411826757,"Casearia arborea",104,0.00212031326804252,0.000500676394552256,471.628421645072,1997.29807692308
"caseco",0.0751296175142731,"Casearia commersoniana",21,4.75640327359821e-05,0.000101098118130744,21024.289625541,9891.38095238095
"casegu",0.0306635150953632,"Casearia guianensis",12,1.94128558623242e-05,5.7770353217568e-05,51512.2559551252,17309.9166666667
"casesy",0.83793266114894,"Casearia sylvestris",127,0.000530489277652253,0.000611402904885928,1885.05223786167,1635.58267716535
"cassel",3.86002227178883,"Cassipourea elliptica",1097,0.00244375296682569,0.005281173123306,409.206664329476,189.351868732908
"cavapl",29.6889639944876,"Cavanillesia platanifolia",38,0.0187958744108197,0.000182939451855632,53.203164595756,5466.28947368421
"cecrin",19.5124398254278,"Cecropia insignis",1371,0.0123531884937283,0.00660026285510714,80.9507602436161,151.509117432531
"cecrlo",0.0236169227733613,"Cecropia longipes",9,1.49517077962218e-05,4.3327764913176e-05,66881.991918856,23079.8888888889
"cecrob",3.97047988409089,"Cecropia obtusifolia",297,0.00251368290472901,0.00142981624213481,397.822652220252,699.390572390572
"cedrod",0.179604852005728,"Cedrela odorata",8,0.000113706569299634,3.8513568811712e-05,8794.56663022564,25964.875
"ceibpe",58.7191933435833,"Ceiba pentandra",64,0.0371747085481176,0.000308108550493696,26.9000091474997,3245.609375
"celtsc",1.71984055086467,"Celtis schippii",106,0.00108881896339291,0.000510304786755184,918.426325790529,1959.61320754717
"cespma",0.179921367465578,"Cespedesia spathulata",2,0.000113906953012367,9.62839220292799e-06,8779.09533662472,103859.5
"cestme",0.0475676397661665,"Cestrum schlechtendalii",80,3.01147383664174e-05,0.00038513568811712,33206.3319904235,2596.4875
"cestra",0.0336998643950577,"Cestrum racemosum",4,2.13351472604018e-05,1.9256784405856e-05,46871.014659271,51929.75
"cha1te",0.00217633831077433,"Chamaedorea tepejilote",3,1.37782448630963e-06,1.4442588304392e-05,725781.846625767,69239.6666666667
"cha2sc",0.622673088719458,"Chamguava schippii",576,0.000394209955481815,0.00277297695444326,2536.71929410756,360.623263888889
"chimpa",0.0751359006995803,"Chimarrhis parviflora",3,4.75680105764334e-05,1.4442588304392e-05,21022.53148454,69239.6666666667
"chr1ec",0.626463420256014,"Chrysochlamys eclipes",412,0.000396609587734045,0.00198344879380317,2521.37121977639,504.172330097087
"chr2ar",4.00768733668368,"Chrysophyllum argenteum",740,0.00253723868142133,0.00356250511508336,394.129258442415,280.701351351351
"chr2ca",4.99368797198528,"Chrysophyllum cainito",177,0.00316146875268817,0.000852112709959127,316.308677461926,1173.55367231638
"clidde",0.0119011383699615,"Clidemia dentata",44,7.53452704476715e-06,0.000211824628464416,132722.332013463,4720.88636363636
"clidoc",0.00136109501716778,"Miconia octona",7,8.61699687756977e-07,3.3699372710248e-05,1160497.11309867,29674.1428571429
"clidse",0.000113097335529233,"Miconia septuplinervia",1,7.1601128122911e-08,4.814196101464e-06,13966260.3958333,207719
"coccco",0.608481729305029,"Coccoloba coronata",131,0.000385225505592559,0.000630659689291784,2595.88211445602,1585.64122137405
"coccma",0.81445239765601,"Coccoloba manzinellensis",326,0.000515624087885846,0.00156942792907726,1939.39737008832,637.174846625767
"colugl",0.0106633508644472,"Colubrina glandulosa",3,6.75089247586641e-06,1.4442588304392e-05,148128.562790013,69239.6666666667
"conobr",0.0113293685070082,"Conostegia bracteata",5,7.17254356370133e-06,2.407098050732e-05,139420.554384749,41543.8
"conoci",0.0330212803818823,"Conostegia cinnamomea",83,2.09055404916644e-05,0.000399578276421512,47834.2093283227,2502.63855421687
"cordal",4.57900009790592,"Cordia alliodora",221,0.00289893277459433,0.00106393733842354,344.954532496856,939.904977375566
"cordbi",18.1503944764824,"Cordia bicolor",729,0.0114908871576031,0.00350954895796725,87.0254825658379,284.936899862826
"cordla",4.25012561255753,"Cordia lasiocalyx",1077,0.00269072464969381,0.00518488920127673,371.647095184487,192.868152274838
"cou2cu",3.15547456612784,"Coussarea curvigemmia",1962,0.00199770876688345,0.00944545275107236,500.573465250425,105.871049949032
"couthe",0.068774175576061,"Coutarea hexandra",3,4.35404471195196e-05,1.4442588304392e-05,22967.1504579403,69239.6666666667
"crotbi",2.30943502513631,"Croton billbergianus",630,0.00146208708058894,0.00303294354392232,683.953789946076,329.712698412698
"cupaci",0.0219738698155338,"Cupania cinerea",19,1.39115025182139e-05,9.14697259278159e-05,71882.9615054686,10932.5789473684
"cupala",0.71020257243745,"Cupania americana",70,0.000449624256348384,0.00033699372710248,2224.07929705903,2967.41428571429
"cuparu",0.249147146985592,"Cupania rufescens",124,0.000157733307414322,0.000596960316581536,6339.815073891,1675.15322580645
"cupasy",2.49401615990533,"Cupania seemannii",1338,0.00157894409952598,0.00644139438375883,633.334644526182,155.245889387145
"cyphha",0.0182212373908208,"Solanum splendens",28,1.15357373086912e-05,0.000134797490840992,86687.1334913793,7418.53571428571
"dendar",4.11334930780002,"Dendropanax arboreus",69,0.00260413253260022,0.000332179531001016,384.005033338877,3010.42028985507
"des2pa",8.28542362167544,"Desmopsis panamensis",10880,0.0052454434537482,0.0523784535839283,190.641650952397,19.0918198529412
"dio2ar",0.528546260428927,"Diospyros artanthifolia",125,0.000334618922141409,0.000601774512683,2988.47415322617,1661.752
"diptpa",20.2279383376811,"Dipteryx oleifera",61,0.0128061655723471,0.000293665962189304,78.0873864507377,3405.22950819672
"drypst",14.5816049122648,"Drypetes standleyi",2141,0.00923151157076443,0.0103071938532344,108.324621849246,97.0196170014012
"elaeol",3.3475562533573,"Elaeis oleifera",24,0.0021193143328592,0.000115540706435136,471.850722894365,8654.95833333333
"entesc",0.241817811324767,"Enterolobium schomburgkii",14,0.000153093156527912,6.7398745420496e-05,6531.97061632001,14837.0714285714
"ery1co",0.339791519819618,"Erythrina costaricensis",60,0.000215119622684609,0.00028885176608784,4648.5763944748,3461.98333333333
"ery2ma",0.247844956830679,"Erythroxylum macrophyllum",317,0.000156908899980795,0.00152610016416409,6373.12478847531,655.264984227129
"ery2pa",0.0649320077607206,"Erythroxylum panamense",118,4.11079976835663e-05,0.000568075139972752,24326.1665940925,1760.33050847458
"eugeco",2.86725778750405,"Eugenia coloradoensis",586,0.00181524075031305,0.0028211189154579,550.891114485801,354.469283276451
"eugega",1.32734802888292,"Eugenia galalonensis",2269,0.000840334706693191,0.0109234109542218,1190.00202185521,91.5464962538563
"eugene",2.23898088288875,"Eugenia nesiotica",518,0.00141748305837876,0.00249375358055835,705.475803812248,401.00193050193
"eugeoe",5.9110330268335,"Eugenia oerstediana",2023,0.003742233458574,0.00973911871326167,267.220100260943,102.678695007415
"faraoc",66.6122281158346,"Faramea occidentalis",23777,0.0421717333795336,0.114467140704509,23.7125657368713,8.73613155570509
"ficuc2",4.69277994443915,"Ficus costaricana",6,0.00297096599563626,2.8885176608784e-05,336.590860167634,34619.8333333333
"ficuci",0.00282743338823081,"Ficus citrifolia",1,1.79002820307277e-06,4.814196101464e-06,558650.415833333,207719
"ficuin",0.0224396109264285,"Ficus insipida",12,1.42063599416645e-05,5.7770353217568e-05,70391.0082601239,17309.9166666667
"ficuma",0.518226913960048,"Ficus maxima",5,0.00032808581643025,2.407098050732e-05,3047.9830273693,41543.8
"ficuob",9.76563997828571,"Ficus obtusifolia",11,0.00618255802416074,5.2956157116104e-05,161.745348137795,18883.5454545455
"ficupe",0.000645597290312702,"Ficus pertusa",2,4.08723106368283e-07,9.62839220292799e-06,2446644.15693431,103859.5
"ficupo",4.75167930890681,"Ficus popenoei",10,0.00300825476925655,4.814196101464e-05,332.418653572728,20771.9
"ficuto",0.294707309046115,"Ficus tonduzii",14,0.000186577125756557,6.7398745420496e-05,5359.71382314455,14837.0714285714
"ficutr",5.97591948150075,"Ficus crocata",9,0.00378331261691429,4.3327764913176e-05,264.318627947698,23079.8888888889
"ficuyo",2.08701262145665,"Ficus yoponensis",5,0.00132127302030405,2.407098050732e-05,756.845848384825,41543.8
"gar2in",6.93255093788027,"Garcinia recondita",5120,0.00438894926745177,0.0246486840394957,227.84496677051,40.5701171875
"gar2ma",0.624104869571331,"Garcinia madruno",406,0.000395116405874648,0.00195456361719438,2530.89971748035,511.62315270936
"geniam",1.09918436462881,"Genipa americana",65,0.000695885894695951,0.00031292274659516,1437.01720012147,3195.67692307692
"guapst",12.1972656788871,"Guapira standleyana",157,0.0077220031624657,0.000755828787929848,129.500076464705,1323.05095541401
"guargr",2.62386603825983,"Guarea grandifolia",81,0.0016611511447521,0.000389949884218584,601.992180638827,2564.43209876543
"guargu",15.7608496240777,"Guarea guidonia",1966,0.0099780831084905,0.00946470953547822,100.219650320319,105.655645981689
"guarsp",1.21954270617866,"Guarea bullata",615,0.000772083914690364,0.00296073060240036,1295.19600262756,337.754471544715
"guatdu",11.7332587271372,"Guatteria lucens",891,0.00742824362297965,0.00428944872640442,134.621325141578,233.130190796857
"guazul",6.75120485814629,"Guazuma ulmifolia",80,0.00427414033911707,0.00038513568811712,233.965176774372,2596.4875
"guetfo",1.83231113865951,"Guettarda foliacea",233,0.0011600233019308,0.00112170769164111,862.051648734596,891.497854077253
"gustsu",20.8743390903149,"Gustavia superba",668,0.0132153973450631,0.00321588299577795,75.6693101152628,310.956586826347
"hameax",0.0425041778067431,"Hamelia axillaris",103,2.69090961927479e-05,0.000495862198450792,37162.1548652944,2016.68932038835
"hampap",1.21999352472445,"Hampea appendiculata",117,0.000772369324742743,0.000563260943871288,1294.71739485909,1775.37606837607
"hassfl",3.78265741110153,"Hasseltia floribunda",387,0.00239477381734916,0.00186309389126657,417.575970121022,536.741602067184
"heisac",0.31469804849907,"Heisteria acuminata",95,0.000199233122382338,0.00045734862963908,5019.24573606265,2186.51578947368
"heisco",10.900352614234,"Heisteria concinna",871,0.00690093661768842,0.00419316480437514,144.907866192657,238.483352468427
"herrpu",0.495565035353378,"Herrania purpurea",536,0.000313738740382622,0.0025804091103847,3187.36538171998,387.535447761194
"hirtam",0.0862162979887915,"Hirtella americana",18,5.4582932212253e-05,8.66555298263519e-05,18320.7453222074,11539.9444444444
"hirttr",25.4941406228094,"Hirtella triandra",4165,0.0161401612210879,0.0200511267625975,61.9572497636178,49.8725090036014
"huracr",62.9148280315643,"Hura crepitans",94,0.0398309353764978,0.000452534433537616,25.1061138923202,2209.77659574468
"hybapr",15.5255545444999,"Pombalia prunifolia",26869,0.00982911944758107,0.129352635050236,101.738513336116,7.73080501693401
"hyeral",11.124560227939,"Hieronyma alchorneoides",110,0.00704288088189152,0.00052956157116104,141.987351024376,1888.35454545455
"ingaco",0.166488702676991,"Inga cocleensis",58,0.000105402827357602,0.000279223373884912,9487.41153410699,3581.36206896552
"ingafa",0.408050474200491,"Inga laurina",51,0.000258333886887124,0.000245524001174664,3870.95944728667,4072.92156862745
"ingago",1.6159598627829,"Inga goldmanii",308,0.00102305282998196,0.00148277239925091,977.466628011416,674.412337662338
"ingama",6.91768099445267,"Inga marginata",1104,0.00437953521079377,0.00531487249601625,228.33473231027,188.151268115942
"ingami",0.0231880953761463,"Inga oerstediana",6,1.46802201854224e-05,2.8885176608784e-05,68118.8692927787,34619.8333333333
"ingape",0.925986005441918,"Inga pezizifera",159,0.000586235230966447,0.000765457180132776,1705.79990279915,1306.40880503145
"ingapu",0.492428155088769,"Inga punctata",47,0.000311752803537324,0.000226267216768808,3207.6696300833,4419.55319148936
"ingaqu",2.21327872799156,"Inga nobilis",540,0.00140121120478277,0.00259966589479056,713.668286826916,384.664814814815
"ingaru",0.178823380833148,"Inga ruiziana",7,0.000113211825393507,3.3699372710248e-05,8832.99952566045,29674.1428571429
"ingas1",2.42808276948628,"Inga acuminata",895,0.00153720213352049,0.00430870551081028,650.532534527391,232.088268156425
"ingasa",1.95786253286573,"Inga sapindoides",210,0.00123950900705819,0.00101098118130744,806.771063627334,989.138095238095
"ingasp",0.714955802122331,"Inga spectabilis",20,0.000452633492649772,9.62839220292799e-05,2209.29298480737,10385.95
"ingath",1.51038428546453,"Inga thibaudiana",287,0.000956213674109276,0.00138167428112017,1045.79136136231,723.759581881533
"ingaum",1.43433261050643,"Inga umbellifera",770,0.00090806589328707,0.00370693099812728,1101.24166912617,269.764935064935
"jac1co",43.0373422083728,"Jacaranda copaia",307,0.027246638827621,0.00147795820314945,36.701774715282,676.609120521173
"jac2sp",0.0142589036564807,"Jacaratia spinosa",5,9.02721167410728e-06,2.407098050732e-05,110776.177196365,41543.8
"laciag",1.3750806022634,"Lacistema aggregatum",1352,0.000870553863371454,0.00650879312917932,1148.69400053804,153.638313609467
"lacmpa",2.41585490548034,"Lacmellea panamensis",104,0.00152946075877226,0.000500676394552256,653.825208828978,1997.29807692308
"laetpr",1.1391705559237,"Laetia procera",33,0.000721200871327852,0.000158868471348312,1386.57625046796,6294.51515151515
"laetth",0.942433813779788,"Laetia thamnia",433,0.000596648222807766,0.00208454691193391,1676.02946220824,479.720554272517
"lafopu",0.221779162583845,"Lafoensia punicifolia",4,0.00014040682886869,1.9256784405856e-05,7122.16071011198,51929.75
"leandi",0.000365210145979813,"Leandra dichotoma",3,2.31211976230233e-07,1.4442588304392e-05,4325035.47741935,69239.6666666667
"licahy",0.43911768395184,"Licania hypoleuca",160,0.000278002318998443,0.00077027137623424,3597.09229621786,1298.24375
"licapl",0.913341880409383,"Moquilea platypus",240,0.000578230324288316,0.00115540706435136,1729.41466055208,865.495833333333
"lindla",1.36282367852542,"Lindackeria laurina",38,0.000862794091111134,0.000182939451855632,1159.02509104133,5466.28947368421
"loncla",5.00788797077951,"Lonchocarpus heptaphyllus",631,0.00317045867210804,0.00303775774002378,315.41177584097,329.190174326466
"lozapi",0.00223210158037555,"Lozania pittieri",1,1.41312782031467e-06,4.814196101464e-06,707650.069317382,207719
"luehse",17.8923063568046,"Luehea seemannii",197,0.0113274933832266,0.000948396631988407,88.2807842978541,1054.41116751269
"maclti",0.118847235483465,"Maclura tinctoria",1,7.5241349365882e-05,4.814196101464e-06,13290.5644094342,207719
"macrgl",1.57312503234937,"Macrocnemum roseum",89,0.000995934399935461,0.000428463453030296,1004.08219664348,2333.92134831461
"malmsp",0.772594602537743,"Mosannona garwoodii",540,0.000489124212029523,0.00259966589479056,2044.47045434676,384.664814814815
"malpro",0.00971851687388003,"Malpighia romeroana",41,6.15272471800625e-06,0.000197382040160024,162529.618312591,5066.31707317073
"maquco",4.40154802226606,"Maquira guianensis",1227,0.00278658911287931,0.00590701861649632,358.861661871178,169.290138549307
"mar1la",0.145440031897939,"Marila laxiflora",25,9.20770618458379e-05,0.0001203549025366,10860.468176909,8308.76
"margno",0.0482587901499562,"Margaritaria nobilis",2,3.05523008160574e-05,9.62839220292799e-06,32730.7591667345,103859.5
"maytsc",0.832858203615229,"Maytenus longipes",78,0.000527276674257793,0.000375507295914192,1896.5375273003,2663.0641025641
"micoaf",0.742471441378797,"Miconia affinis",443,0.000470053450446008,0.00213268887294855,2127.41763527351,468.89164785553
"micoar",2.04230461640341,"Miconia argentea",635,0.00129296869657302,0.00305701452442964,773.413929239335,327.116535433071
"micodo",0.00224309715466311,"Miconia dorsiloba",3,1.4200890411044e-06,1.4442588304392e-05,704181.196428571,69239.6666666667
"micoel",0.00669159235214626,"Miconia elata",9,4.23640008060557e-06,4.3327764913176e-05,236049.471478873,23079.8888888889
"micoho",0.289266070570097,"Miconia hondurensis",75,0.000183132315925755,0.0003610647076098,5460.53270251558,2769.58666666667
"micoim",0.00904700144417521,"Miconia impetiolaris",11,5.72759301977647e-06,5.2956157116104e-05,174593.410625922,18883.5454545455
"micone",0.109366694253095,"Miconia nervosa",409,6.92392853549677e-05,0.00196900620549877,14442.6678420108,507.870415647922
"micopr",0.0219487370743051,"Miconia prasina",4,1.38955911564088e-05,1.9256784405856e-05,71965.2722035354,51929.75
"mourmy",2.85313475772983,"Mouriri myrtilloides",7053,0.00180629955943871,0.0339545251036256,553.618027959184,29.4511555366511
"myrcga",0.0894356450605576,"Myrcia splendens tip. gatunensis",65,5.66210782134739e-05,0.00031292274659516,17661.2673504694,3195.67692307692
"myrofr",0.460852792725701,"Myrospermum frutescens",11,0.000291762663579508,5.2956157116104e-05,3427.44334635363,18883.5454545455
"nectci",1.39078620933686,"Nectandra cissiflora",172,0.000880496972809467,0.000828041729451808,1135.72224650498,1207.66860465116
"nectgl",0.993799639064144,"Nectandra lineata",218,0.000629167565726978,0.00104949475011915,1589.40170230253,952.839449541284
"nectpu",0.203818677383272,"Damburneya umbrosa",88,0.000129036171938727,0.000423649256928832,7749.7649300605,2360.44318181818
"nects1",0.0126676869774374,"Nectandra fuzzy",1,8.01982357982244e-06,4.814196101464e-06,124691.022196044,207719
"neeaam",0.0110788264928844,"Neea amplifolia",54,7.01392717570682e-06,0.000259966589479056,142573.479157805,3846.64814814815
"ochrpy",0.762545433037073,"Ochroma pyramidale",7,0.000482762153457768,3.3699372710248e-05,2071.4134130804,29674.1428571429
"ocotce",1.2162738790226,"Ocotea cernua",341,0.00077001444319559,0.00164164087059922,1298.67693890255,609.146627565982
"ocotob",3.60778772462292,"Ocotea oblonga",288,0.00228406504805962,0.00138648847722163,437.815902331472,721.246527777778
"ocotpu",2.58933051021892,"Ocotea puberula",166,0.00163928694471168,0.000799156552843024,610.021328618513,1251.31927710843
"ocotwh",21.9601127813037,"Ocotea whitei",391,0.0139027930365459,0.00188235067567242,71.9279929846708,531.250639386189
"oenoma",48.1992962390789,"Oenocarpus mapora",1788,0.0305146356392844,0.00860778262941763,32.7711597746428,116.173937360179
"olmeas",0.807456856214629,"Trophis caucana",124,0.00051119525977341,0.000596960316581536,1956.19967298456,1675.15322580645
"ormoam",0.0113097335529233,"Ormosia amazonica",1,7.1601128122911e-06,4.814196101464e-06,139662.603958333,207719
"ormocr",1.06309453362254,"Ormosia coccinea",113,0.000673037676373897,0.000544004159465432,1485.80092185577,1838.22123893805
"ormoma",0.8943988621064,"Ormosia macrocalyx",109,0.000566237632557785,0.000524747375059576,1766.04298708096,1905.67889908257
"ouralu",0.556162430650308,"Ouratea lucens",1200,0.000352102525384866,0.0057770353217568,2840.08187361607,173.099166666667
"paligu",0.618914958507601,"Palicourea guianensis",1321,0.000391830709661897,0.00635955305003394,2552.12257574931,157.243754731264
"pentma",0.26153994460584,"Pentagonia macrophylla",313,0.000165579100474401,0.00150684337975823,6039.40954585995,663.638977635783
"perexa",0.952580372652719,"Perebea xanthochyma",221,0.000603071937906515,0.00106393733842354,1658.17697217245,939.904977375566
"phoeci",1.49811322455961,"Cinnamomum triplinerve",71,0.00094844495170794,0.000341807923203944,1054.35744921117,2925.61971830986
"picrla",1.32069963342976,"Picramnia latifolia",1133,0.000836125654265688,0.00545448418295871,1195.9924861751,183.335392762577
"pipea1",0.0832498491256393,"Piper subnudispicum",24,5.27048942891958e-05,0.000115540706435136,18973.5699783956,8654.95833333333
"pipeae",0.0212049650135677,"Piper cabagranum",32,1.34247142929894e-05,0.000154054275246848,74489.4809807771,6491.21875
"pipeca",0.00158257729924586,"Piper paulowniifolium",2,1.00191856366434e-06,9.62839220292799e-06,998085.110173697,103859.5
"pipeco",0.0201156177609354,"Piper cordulatum",68,1.273505620475e-05,0.000327365334899552,78523.4068795877,3054.69117647059
"pipecu",0.0695854918788505,"Piper culebranum",8,4.40540857677902e-05,3.8513568811712e-05,22699.3701621914,25964.875
"pipeim",0.000517577389678918,"Piper albopunctulatissimum",4,3.276746071736e-07,1.9256784405856e-05,3051808.03793627,51929.75
"pipelo",0.00119459060652752,"Piper longispicum",1,7.56286915798247e-07,4.814196101464e-06,1322249.50493097,207719
"pipepe",0.00195328523236945,"Piper playablancanum",12,1.23661115028944e-06,5.7770353217568e-05,808661.639324487,17309.9166666667
"pipere",0.548318659192458,"Piper reticulatum",135,0.000347136688811508,0.00064991647369764,2880.70962312771,1538.65925925926
"pit1ma",0.92857781938113,"Abarema macradenia",43,0.000587876090152597,0.000207010432362952,1701.03873375838,4830.67441860465
"pit1ru",0.0302959487548932,"Cojoba rufescens",2,1.91801521959248e-05,9.62839220292799e-06,52137.2296624669,103859.5
"pla1pi",7.79259098653252,"Platymiscium pinnatum",178,0.00493343457673182,0.000856926906060592,202.698542860267,1166.9606741573
"pla2el",10.4524918779272,"Platypodium elegans",101,0.00661739913370203,0.000486233806247864,151.116772586235,2056.62376237624
"pochqu",0.141862543263664,"Pochota quinata",1,8.98121789388944e-05,4.814196101464e-06,11134.3473882353,207719
"pochse",0.881281927379499,"Pachira sessilis",18,0.000557933393385697,8.66555298263519e-05,1792.32863968174,11539.9444444444
"posola",0.546735296495049,"Posoqueria latifolia",75,0.000346134273017788,0.0003610647076098,2889.05224923685,2769.58666666667
"poular",20.8130631110048,"Poulsenia armata",855,0.0131766039532921,0.00411613766675172,75.8920890044779,242.946198830409
"pourbi",1.80961313173732,"Pourouma bicolor",161,0.00114565335330058,0.000775085572335703,872.864376575201,1290.1801242236
"poutfo",0.477404273621139,"Pouteria fossicola",4,0.000302241289788274,1.9256784405856e-05,3308.61478489759,51929.75
"poutre",20.9133615980633,"Pouteria reticulata",1013,0.0132401022204158,0.00487678065078303,75.5281177858306,205.053307008885
"poutst",1.37974900894663,"Pouteria stipitata",56,0.00087350939882675,0.000269594981681984,1144.80737281493,3709.26785714286
"pri2co",75.879064076741,"Prioria copaifera",1273,0.048038502086559,0.00612847163716367,20.816635751842,163.172820109976
"protco",3.12249491184862,"Protium costaricense",738,0.00197682957958477,0.00355287672288043,505.860500230904,281.462059620596
"protpa",3.86356677370024,"Protium panamense",3114,0.00244599696607026,0.0149914066599589,408.831251171419,66.7048811817598
"protsp",0.0171350317308421,"Protium confusum",15,1.08480681406774e-05,7.221294152196e-05,92182.311821057,13847.9333333333
"protte",18.3901333388686,"Protium tenuifolium subsp. sessiliflorum",3063,0.0116426641461717,0.0147458826587842,85.8909943158341,67.8155403199478
"pse1se",4.34783150027866,"Pseudobombax septenatum",32,0.00275258156040127,0.000154054275246848,363.295320431567,6491.21875
"psidfr",0.177229807959615,"Psidium friedrichsthalianum",56,0.000112202945609053,0.000269594981681984,8912.42199188145,3709.26785714286
"psycac",0.00460007704301885,"Palicourea acuminata",20,2.91227644038812e-06,9.62839220292799e-05,343373.996414547,10385.95
"psycch",0.00494408143858694,"Psychotria chagrensis",22,3.13006320509531e-06,0.000105912314232208,319482.366481334,9441.77272727273
"psycde",0.00972244386469701,"Palicourea deflexa",69,6.1552108682883e-06,0.000332179531001016,162463.970999273,3010.42028985507
"psycfu",0.000442179165992763,"Palicourea hoffmannseggiana",5,2.79940521758326e-07,2.407098050732e-05,3572187.38365897,41543.8
"psycg1",0.016982664487143,"Psychotria graciliflora",66,1.07516055097341e-05,0.000317736942696624,93009.3648892383,3147.25757575758
"psycg3",0.0466612902856058,"Psychotria grandis",45,2.95409348813213e-05,0.00021663882456588,33851.3321943748,4615.97777777778
"psycho",0.631051716326582,"Psychotria horizontalis",1742,0.000399514405723587,0.00838632960875028,2503.03865310898,119.241676234214
"psycli",0.0153309721495182,"Psychotria limonensis",58,9.70593070110571e-06,0.000279223373884912,103029.789805328,3581.36206896552
"psycma",0.173461467571634,"Psychotria marginata",922,0.000109817235798402,0.00443868880554981,9106.0387081292,225.291757049892
"psycpi",0.000988816287717387,"Palicourea cyanococca",4,6.26012641019062e-07,1.9256784405856e-05,1597411.83240667,51929.75
"psycra",0.00131946891450771,"Palicourea racemosa",10,8.35346494767295e-07,4.814196101464e-05,1197108.03392857,20771.9
"pterof",0.00515299735005066,"Pterocarpus officinalis",1,3.26232640010013e-06,4.814196101464e-06,306529.720621856,207719
"pterro",2.42270200666884,"Pterocarpus hayesii",1055,0.00153379561040404,0.00507897688704452,651.977351621562,196.890047393365
"quaras",88.5767791821597,"Quararibea asterolepis",2244,0.0560773362631282,0.0108030560516852,17.8325160686621,92.5663992869875
"quasam",0.320695348874773,"Quassia amara",112,0.000203029971093078,0.000539189963363968,4925.38118690641,1854.63392857143
"randar",4.90535031355716,"Randia armata",922,0.00310554280209355,0.00443868880554981,322.004900182302,225.291757049892
"randfo",0.00220618344098343,"Rosenbergiodendron formosum",1,1.39671922845317e-06,4.814196101464e-06,715963.509077964,207719
"rauvli",0.00041547562843725,"Rauvolfia littoralis",1,2.63034699840416e-07,4.814196101464e-06,3801779.76748582,207719
"rinosy",1.23590333532039,"Rinorea sylvatica",2234,0.000782441713995423,0.0107549140906706,1278.05046959172,92.9807520143241
"sapiau",1.33760140190607,"Sapium glandulosum",33,0.000846826045079612,0.000158868471348312,1180.88007071864,6294.51515151515
"sapisp",0.148849445325248,"Sapium broadleaf",3,9.42355375207098e-05,1.4442588304392e-05,10611.7079215496,69239.6666666667
"sch1zo",3.53903082780646,"Attalea rostrata",32,0.00224053554000134,0.000154054275246848,446.321864637506,6491.21875
"schipa",0.0702059564279345,"Schizolobium parahyba",9,4.44468975123534e-05,4.3327764913176e-05,22498.7582029109,23079.8888888889
"sennda",0.205994230295883,"Senna dariensis",245,0.00013041349919498,0.00117947804485868,7667.9178625896,847.832653061224
"simaam",15.0189405277839,"Simarouba amara",1824,0.00950838567476488,0.00878109368907033,105.170323775779,113.881030701754
"sipacr",0.22830189433086,"Siparuna cristata",25,0.000144536324487168,0.0001203549025366,6918.6760044447,8308.76
"sipapa",0.75087284553266,"Siparuna pauciflora",542,0.000475372320359416,0.00260929428699349,2103.61427700276,383.245387453875
"sloate",5.36158103809126,"Sloanea terniflora",410,0.00339437926679109,0.00197382040160024,294.604674787965,506.631707317073
"socrex",4.05364962260386,"Socratea exorrhiza",453,0.00256633708155245,0.00218083083396319,389.660425821799,458.540838852097
"solaas",0.00962269829794554,"Solanum asperum",12,6.09206265112434e-06,5.7770353217568e-05,164148.016405485,17309.9166666667
"solaha",0.514257511642237,"Solanum hayesii",162,0.000325572815725158,0.000779899768437168,3071.50951092974,1282.21604938272
"solast",0.00306148204092325,"Solanum lepidotum",3,1.93820275988269e-06,1.4442588304392e-05,515941.892508979,69239.6666666667
"soroaf",3.35381509132142,"Sorocea affinis",2122,0.00212327675917872,0.0102157241273066,470.970162357355,97.8883129123468
"spacme",0.109505709728016,"Spachea membranacea",10,6.93272950749522e-05,4.814196101464e-05,14424.3331420743,20771.9
"sponmo",6.06314187453685,"Spondias mombin",163,0.00383853250082881,0.000784713964538632,260.516225871237,1274.34969325153
"sponra",7.19326778521087,"Spondias radlkoferi",234,0.00455400727082705,0.00112652188774258,219.586825520898,887.688034188034
"stemgr",0.000191637151868977,"Tabernaemontana grandiflora",1,1.21324133763821e-07,4.814196101464e-06,8242383.18442623,207719
"sterap",7.39007914018031,"Sterculia apetala",50,0.0046786071562025,0.0002407098050732,213.738825811499,4154.38
"stylst",0.387385077725177,"Stylogyne turbacensis",740,0.000245250769642888,0.00356250511508336,4077.45917150886,280.701351351351
"swars1",8.30198766894149,"Swartzia simplex var. grandiflora",2931,0.00525593003563786,0.014110408773391,190.261284533754,70.8696690549301
"swars2",5.62059671299994,"Swartzia simplex var. continentalis",2955,0.00355836026986419,0.0142259494798261,281.028317584651,70.2940778341794
"sympgl",0.917721260568487,"Symphonia globulifera",150,0.000581002879082854,0.0007221294152196,1721.16186683714,1384.79333333333
"tab1gu",7.7354352059876,"Handroanthus guayacan",66,0.00489724965383676,0.000317736942696624,204.196247013167,3147.25757575758
"tab1ro",5.58016363015008,"Tabebuia rosea",250,0.0035327623693302,0.001203549025366,283.064609349764,830.876
"tab2ar",29.9614680974544,"Tabernaemontana arborea",1794,0.0189683948428816,0.00863666780602641,52.7192737331317,115.785395763657
"tachve",13.0676659147127,"Tachigali panamensis",1906,0.00827304743341985,0.00917585776939038,120.874442948362,108.981636935992
"taline",0.682972032714297,"Talisia nervosa",703,0.000432384793062624,0.00338437985932919,2312.75478704258,295.475106685633
"talipr",0.514164049260793,"Talisia croatii",739,0.000325513645348446,0.00355769091898189,3072.06783583389,281.081190798376
"termam",4.12553004791616,"Terminalia amazonia",57,0.00261184407354507,0.000274409177783448,382.871247992495,3644.19298245614
"termob",7.42572993361325,"Terminalia oblonga",87,0.00470117742292302,0.000418835060827368,212.712669622717,2387.57471264368
"tet2pa",29.9989496540063,"Protium stevensonii",5199,0.0189921241528636,0.0250290055315113,52.6534047456309,39.9536449317176
"tet4jo",0.0397607820219958,"Tetrathylacium johansenii",1,2.51722716057109e-05,4.814196101464e-06,39726.2517925926,207719
"theoca",0.159126380293303,"Theobroma cacao",15,0.000100741792808823,7.221294152196e-05,9926.36692398053,13847.9333333333
"thevah",0.117705266553885,"Thevetia ahouai",82,7.45183768638632e-05,0.000394764080320048,13419.5086109684,2533.15853658537
"tocopi",0.715428611816696,"Tocoyena pittieri",7,0.00045293282514373,3.3699372710248e-05,2207.83291580306,29674.1428571429
"tratas",4.28086374047841,"Trattinnickia aspera",71,0.00271018474241149,0.000341807923203944,368.978536537038,2925.61971830986
"tremin",2.8377181771805,"Trema integerrima",51,0.00179653943066145,0.000245524001174664,556.625689886372,4072.92156862745
"tremmi",0.269852598767239,"Trema micrantha",6,0.000170841783391435,2.8885176608784e-05,5853.3690069764,34619.8333333333
"tri1gi",0.00624155920451952,"Trichanthera gigantea",2,3.95148725828315e-06,9.62839220292799e-06,253069.271045678,103859.5
"tri2pa",2.89859124723279,"Trichilia pallida",457,0.0018350777434135,0.00220008761836905,544.936040769512,454.527352297593
"tri2tu",69.3635069419479,"Trichilia tuberculata",10369,0.0439135486646467,0.0499183993760802,22.7720152528931,20.0326936059408
"tri4ga",0.0502010798080381,"Trichospermum galeottii",4,3.17819507455571e-05,1.9256784405856e-05,31464.39965268,51929.75
"tripcu",4.29501661538283,"Triplaris cumingiana",227,0.00271914482802798,0.00109282251503233,367.762683948407,915.061674008811
"tropra",0.743205788661574,"Trophis racemosa",212,0.000470518360548751,0.00102060957351037,2125.31557500483,979.806603773585
"turpoc",1.89926554669098,"Staphylea occidentalis",56,0.00120241166700962,0.000269594981681984,831.661923646318,3709.26785714286
"unonpi",4.24859879852788,"Unonopsis pittieri",690,0.00268975803446415,0.00332179531001016,371.780653570655,301.042028985507
"urerba",0.0102376650598857,"Urera baccifera",17,6.48139378529267e-06,8.1841333724888e-05,154287.801841197,12218.7647058824
"verbgi",0.000660519855417254,"Verbesina gigantea",1,4.18170477440057e-07,4.814196101464e-06,2391369.19976219,207719
"virose",17.7621713789168,"Virola sebifera",1103,0.01124510584349,0.00531005829991479,88.9275755976023,188.32184950136
"virosp",2.17148769171719,"Virola multiflora",34,0.00137475359348124,0.000163682667449776,727.40308135346,6109.38235294118
"virosu",20.8556073441179,"Virola nobilis",159,0.0132035384082177,0.000765457180132776,75.737273530981,1306.40880503145
"vismba",0.0851638644498389,"Vismia baccifera",50,5.39166439366648e-05,0.0002407098050732,18547.1484681926,4154.38
"vismbi",0.008064468341765,"Vismia billbergiana",7,5.10555821920868e-06,3.3699372710248e-05,195864.968543046,29674.1428571429
"vochfe",0.756361993296645,"Vochysia ferruginea",38,0.00047884746122366,0.000182939451855632,2088.34771190929,5466.28947368421
"xyl1ma",6.71830138748892,"Xylopia macrantha",2089,0.00425330938313387,0.0100568556559583,235.111041760896,99.4346577309718
"xyl2ol",0.0703873834036793,"Xylosma oligandra",31,4.45617576553839e-05,0.000149240079145384,22440.7665364874,6700.61290322581
"zantbe",15.3583715498465,"Zanthoxylum ekmanii",235,0.0097232770688536,0.00113133608384404,102.845984221028,883.910638297872
"zantp1",3.68795095896641,"Zanthoxylum panamense",188,0.00233481582822713,0.000905068867075231,428.299306485052,1104.88829787234
"zantpr",1.04792613889284,"Zanthoxylum acuminatum",71,0.000663434672294468,0.000341807923203944,1507.30741361698,2925.61971830986
"zuelgu",0.384289823563228,"Zuelania guidonia",25,0.00024329118599058,0.0001203549025366,4110.3009791679,8308.76
