"SpeciesID","G1","G2","G3","G4","mu1","mu2","mu3","mu4","F","wd","LCVP_Accepted_Taxon","max_dbh","Latin","sp","ba","n","prop_ba","prop_n","adj_ba","adj_n"
1,0.4906,0.3628,0.2789,0.9975,0.038,0.052,0.078,0.212,4657.08782389808,0.55,"Abarema macradenia (Pittier) Barneby & J.W.Grimes",300,"Abarema macradenia","pit1ma",0.92857781938113,43,0.000587876090152597,0.000207010432362952,1701.03873375838,4830.67441860465
2,0.2438,0.1439,0.0481,0.0358,0.00800000000000001,0.00800000000000001,0.014,0.016,9749.49215912287,0.55,"Acalypha diversifolia Jacq.",133,"Acalypha diversifolia","acaldi",1.23064980700542,1439,0.000779115742148102,0.00692762819000669,1283.50634687845,144.349548297429
3,0.1422,0.1246,0.0586,0.0542,0.015,0.013,0.02,0.023,14616.1668570848,0.55,"Acalypha macrostachya Jacq.",135.166666666667,"Acalypha macrostachya","acalma",0.148204633433099,62,9.38273116443979e-05,0.000298480158290768,10657.8775675676,3350.3064516129
4,0.0597,0.0662,0.0325,0.0188,0.048,0.033,0.036,0.036,5765.99369631157,0.55,"Adelia triloba (Müll.Arg.) Hemsl.",367.5,"Adelia triloba","ade1tr",2.27452172057881,120,0.00143998371289139,0.00057770353217568,694.452299041682,1730.99166666667
5,0.4487,0.2469,0.1059,0.0661,0.038,0.034,0.035,0.035,12805.0339997058,0.55,"Aegiphila panamensis Moldenke",197.5,"Aegiphila panamensis","aegipa",0.262945021920159,26,0.000166468645045317,0.000125169098638064,6007.13725835743,7989.19230769231
6,0.574,0.3454,0.2386,0.1273,0.038,0.03,0.054,0.0570000000000001,11161.8508605617,0.55,"Aiouea montana (Sw.) R.Rohde",536.666666666667,"Cinnamomum triplinerve","phoeci",1.49811322455961,71,0.00094844495170794,0.000341807923203944,1054.35744921117,2925.61971830986
7,0.626,0.6617,0.3367,0.2455,0.00700000000000001,0.021,0.08,0.073,7513.20137788662,0.55,"Alchornea costaricensis Pax & K.Hoffm.",764.833333333333,"Alchornea costaricensis","alchco",11.5723196478827,266,0.00732635422320064,0.00128057616298942,136.49353683081,780.898496240602
10,0.1114,0.1008,0.0863,0.1589,0.00700000000000001,0.00700000000000001,0.022,0.031,6023.81123465685,0.55,"Alibertia edulis (Rich.) A.Rich. ex DC.",113.166666666667,"Alibertia edulis","alibed",0.361320854274669,455,0.000228749692990896,0.00219045922616612,4371.59056663652,456.525274725275
11,0.4785,0.065,0.0465,0.0443,0.032,0.043,0.101,0.098,7640.36279252615,0.55,"Allophylus psilospermus Radlk.",282.666666666667,"Allophylus psilospermus","allops",0.952348680194517,97,0.000602925255039875,0.000466977021842008,1658.58038229609,2141.43298969072
12,0.4704,0.3502,0.0649,0.2836,0.031,0.032,0.0590000000000001,0.0600000000000001,4967.47696072959,0.55,"Alseis blackiana Hemsl.",970.666666666667,"Alseis blackiana","alsebl",74.2908892447847,8064,0.0470330397642827,0.0388216773622057,21.2616493641861,25.7588045634921
14,0.1509,0.133,0.0894,0.0855,0.042,0.032,0.049,0.069,2721.57584007345,0.55,"Anacardium excelsum (Bertero ex Kunth) Skeels",2000,"Anacardium excelsum","anacex",30.6344718566789,24,0.0193944687920683,0.000115540706435136,51.561092532164,8654.95833333333
15,0.2336,0.0674,0.0461,0.0608,0.037,0.021,0.015,0.049,5644.944734785,0.55,"Anaxagorea panamensis Standl.",56.1666666666667,"Anaxagorea panamensis","anaxpa",0.487696916552463,892,0.000308757489677515,0.00429426292250589,3238.78783003599,232.868834080718
16,0.0991,0.0842,0.0746,0.0751,0.037,0.016,0.012,0.00900000000000001,1837.89073081768,0.55,"Andira inermis (W.Wright) DC.",294.666666666667,"Andira inermis","andiin",0.965142030878098,247,0.000611024635428722,0.00118910643706161,1636.59522385436,840.967611336032
17,0.1276,0.177,0.1052,0.085,0.018,0.00900000000000001,0.00800000000000001,0.011,6956.28485628017,0.55,"Annona acuminata Saff.",82.5,"Annona acuminata","annoac",0.273803936927292,492,0.000173343347805229,0.00236858448192029,5768.89746656799,422.193089430894
18,0.4696,0.0355,0.0498,0.0424,0.031,0.015,0.011,0.00800000000000001,33718.3043182788,0.55,"Annona spraguei Saff.",288.666666666667,"Annona spraguei","annosp",0.250293828304152,84,0.000158459263296679,0.000404392472522976,6310.77022065745,2472.84523809524
19,0.1797,0.1043,0.0563,0.0294,0.046,0.03,0.04,0.039,3682.46247215084,0.55,"Apeiba membranacea Spruce ex Benth.",1289.66666666667,"Apeiba membranacea","apeime",29.5125627815903,261,0.0186841960429202,0.0012565051824821,53.5211682484417,795.858237547893
20,0.1383,0.1789,0.0822,0.0451,0.021,0.01,0.016,0.016,8302.35094283784,0.55,"Apeiba tibourbou Aubl.",433.833333333333,"Apeiba tibourbou","apeiti",0.799777232972929,44,0.000506333344281842,0.000211824628464416,1974.9834990985,4720.88636363636
21,0.6476,0.2228,0.1731,0.0688,0.00600000000000001,0.02,0.05,0.081,8241.88121075752,0.55,"Aphelandra sinclairiana Nees ex Benth.",55,"Aphelandra sinclairiana","aphesi",0.00822783115975167,10,5.20898207094177e-06,4.814196101464e-05,191976.087915235,20771.9
23,0.5374,0.2735,0.1282,0.099,0.01,0.017,0.0610000000000001,0.075,8008.33202747709,0.55,"Ardisia bartlettii Lundell",16.3333333333333,"Ardisia bartlettii","ardiba",0.00103044239037745,6,6.52365834008745e-07,2.8885176608784e-05,1532882.23856707,34619.8333333333
25,0.3294,0.1854,0.1013,0.0463,0.032,0.025,0.028,0.023,6660.44031810616,0.55,"Ardisia guianensis (Aubl.) Mez",31.5,"Ardisia guianensis","ardigu",0.00651252157089164,19,4.12303162774429e-06,9.14697259278159e-05,242539.977930535,10932.5789473684
27,0.2993,0.2326,0.0922,0.0821,0.0580000000000001,0.039,0.022,0.023,4486.86801594944,0.55,"Astronium graveolens Jacq.",910.833333333333,"Astronium graveolens","ast2gr",4.34495929919512,132,0.00275076319008498,0.000635473885393248,363.535473938455,1573.62878787879
29,0.9057,0.8847,0.2258,0.1044,0.055,0.04,0.0659999999999999,0.084,6550.53740150443,0.55,"Beilschmiedia tovarensis (Klotzsch & H.Karst. ex Meisn.) Sach.Nishida",941.333333333333,"Beilschmiedia tovarensis","beilpe",27.5816213415714,1891,0.0174617305905055,0.00910364482786842,57.2680923472574,109.846113167636
30,0.5787,0.3906,0.2072,0.0834,0.0600000000000001,0.045,0.031,0.023,2059.00157914746,0.55,"Brosimum alicastrum Sw.",1638.16666666667,"Brosimum alicastrum","brosal",25.8084067023186,857,0.0163391208669392,0.00412576605895465,61.2028032685293,242.379229871645
31,0.6586,0.9009,0.3497,0.2735,0.054,0.04,0.052,0.073,0,0.55,"Brosimum guianense (Aubl.) Huber ex Ducke",64.3333333333333,"Brosimum guianense","brosgu",0.00851135989673815,4,5.38848212130546e-06,1.9256784405856e-05,185581.018455292,51929.75
32,0.163,0.1446,0.0839,0.0564,0.027,0.019,0.018,0.018,7213.17725540055,0.55,"Calophyllum longifolium Willd.",997.333333333333,"Calophyllum longifolium","calolo",6.10091088681647,2174,0.00386244379701146,0.0104660623245827,258.903443662725,95.5469181232751
33,0.1962,0.1877,0.1461,0.2797,0.025,0.0570000000000001,0.05,0.036,3204.22449267743,0.55,"Capparidastrum frondosum (Jacq.) Cornejo & Iltis",90.6666666666667,"Capparidastrum frondosum","cappfr",1.96489655881712,2222,0.00124396219944339,0.010697143737453,803.882947928358,93.482898289829
34,0.3249,0.3393,0.1837,0.1209,0.031,0.014,0.012,0.011,6034.44268046528,0.55,"Casearia aculeata Jacq.",179.5,"Casearia aculeata","caseac",0.785230088190481,466,0.000497123649177033,0.00224341538328222,2011.57197340231,445.748927038627
35,0.2853,0.2035,0.1625,0.0895,0.038,0.023,0.021,0.037,7102.9647084603,0.55,"Casearia arborea (Rich.) Urb.",676.333333333333,"Casearia arborea","casear",3.34913411826757,104,0.00212031326804252,0.000500676394552256,471.628421645072,1997.29807692308
36,0.4636,0.0142,0.0434,0.0474,0.031,0.0570000000000001,0.016,0.01,2802.8610247119,0.55,"Casearia commersoniana Cambess.",114.166666666667,"Casearia commersoniana","caseco",0.0751296175142731,21,4.75640327359821e-05,0.000101098118130744,21024.289625541,9891.38095238095
37,0.4327,0.5435,0.2226,0.0912,0.037,0.018,0.042,0.04,4443.32206542228,0.55,"Casearia guianensis (Aubl.) Urb.",88.5,"Casearia guianensis","casegu",0.0306635150953632,12,1.94128558623242e-05,5.7770353217568e-05,51512.2559551252,17309.9166666667
38,0.4822,0.609,0.339,0.1346,0.041,0.021,0.011,0.013,6387.70402263287,0.55,"Casearia sylvestris Sw.",275,"Casearia sylvestris","casesy",0.83793266114894,127,0.000530489277652253,0.000611402904885928,1885.05223786167,1635.58267716535
39,0.3315,0.0811,0.0732,0.0505,0.032,0.027,0.019,0.023,4291.12902583554,0.55,"Cassipourea guianensis Aubl.",411.5,"Cassipourea elliptica","cassel",3.86002227178883,1097,0.00244375296682569,0.005281173123306,409.206664329476,189.351868732908
40,0.9216,0.5447,0.3733,0.2356,0.014,0.023,0.0629999999999999,0.116,3584.72359232287,0.55,"Cavanillesia platanifolia (Kunth) Kunth",2000,"Cavanillesia platanifolia","cavapl",29.6889639944876,38,0.0187958744108197,0.000182939451855632,53.203164595756,5466.28947368421
41,0.4647,0.1075,0.0208,0.0423,0.031,0.0610000000000001,0.125,0.0669999999999999,11476.8216730155,0.55,"Cecropia insignis Liebm.",683.833333333333,"Cecropia insignis","cecrin",19.5124398254278,1371,0.0123531884937283,0.00660026285510714,80.9507602436161,151.509117432531
42,0.1216,0.0816,0.0546,0.0301,0.079,0.033,0.028,0.031,21021.763472684,0.55,"Cecropia longipes Pittier",173.333333333333,"Cecropia longipes","cecrlo",0.0236169227733613,9,1.49517077962218e-05,4.3327764913176e-05,66881.991918856,23079.8888888889
43,0.3748,0.2631,0.1619,0.1398,0.014,0.00600000000000001,0.01,0.012,11996.7524158198,0.55,"Cecropia obtusifolia Bertol.",367.833333333333,"Cecropia obtusifolia","cecrob",3.97047988409089,297,0.00251368290472901,0.00142981624213481,397.822652220252,699.390572390572
44,0.6549,0.3829,0.2704,0.083,0.016,0.025,0.056,0.0649999999999999,19041.0186731416,0.55,"Cedrela odorata L.",190.333333333333,"Cedrela odorata","cedrod",0.179604852005728,8,0.000113706569299634,3.8513568811712e-05,8794.56663022564,25964.875
45,0.1336,0.1332,0.073,0.0712,0.024,0.034,0.027,0.034,7802.66332887756,0.55,"Ceiba pentandra (L.) Gaertn.",2000,"Ceiba pentandra","ceibpe",58.7191933435833,64,0.0371747085481176,0.000308108550493696,26.9000091474997,3245.609375
46,0.5048,0.5596,0.3376,0.2749,0.047,0.015,0.031,0.0610000000000001,1025.90857718767,0.55,"Celtis schippii Standl.",351.833333333333,"Celtis schippii","celtsc",1.71984055086467,106,0.00108881896339291,0.000510304786755184,918.426325790529,1959.61320754717
47,0.0522,0.0467,0.0515,0.0369,0.034,0.00900000000000001,0.00800000000000001,0.011,2817.09241087079,0.55,"Cespedesia spathulata (Ruiz & Pav.) Planch.",204,"Cespedesia spathulata","cespma",0.179921367465578,2,0.000113906953012367,9.62839220292799e-06,8779.09533662472,103859.5
49,0.2825,0.086,0.045,0.0356,0.038,0.024,0.021,0.024,5636.42086438274,0.55,"Chamguava schippii (Standl.) Landrum",144.333333333333,"Chamguava schippii","cha2sc",0.622673088719458,576,0.000394209955481815,0.00277297695444326,2536.71929410756,360.623263888889
50,0.1312,0.1329,0.1181,0.0711,0.026,0.028,0.07,0.076,2979.64428747331,0.55,"Chimarrhis parviflora Standl.",134.5,"Chimarrhis parviflora","chimpa",0.0751359006995803,3,4.75680105764334e-05,1.4442588304392e-05,21022.53148454,69239.6666666667
51,0.2232,0.1532,0.0932,0.0549,0.039,0.019,0.022,0.031,3070.04748447518,0.55,"Chrysochlamys eclipes L.O.Williams",109.333333333333,"Chrysochlamys eclipes","chr1ec",0.626463420256014,412,0.000396609587734045,0.00198344879380317,2521.37121977639,504.172330097087
52,0.4665,0.1855,0.0629,0.0943,0.045,0.077,0.072,0.153,6066.61305464095,0.55,"Chrysophyllum argenteum Jacq.",505.833333333333,"Chrysophyllum argenteum","chr2ar",4.00768733668368,740,0.00253723868142133,0.00356250511508336,394.129258442415,280.701351351351
53,0.4924,0.2865,0.1445,0.0915,0.01,0.013,0.104,0.176,7394.1687818541,0.55,"Chrysophyllum cainito L.",964,"Chrysophyllum cainito","chr2ca",4.99368797198528,177,0.00316146875268817,0.000852112709959127,316.308677461926,1173.55367231638
54,0.7813,0.7926,0.2971,0.2734,0.023,0.028,0.076,0.0600000000000001,17789.8762139169,0.55,"Clidemia dentata Pav. ex D.Don",34.3333333333333,"Clidemia dentata","clidde",0.0119011383699615,44,7.53452704476715e-06,0.000211824628464416,132722.332013463,4720.88636363636
56,0.0598,0.0611,0.054,0.0469,0.032,0.00800000000000001,0.005,0.004,8016.75704578649,0.55,"Coccoloba coronata Jacq.",248.666666666667,"Coccoloba coronata","coccco",0.608481729305029,131,0.000385225505592559,0.000630659689291784,2595.88211445602,1585.64122137405
57,0.4685,0.3567,0.0208,0.014,0.031,0.046,0.027,0.03,3709.26050431423,0.55,"Coccoloba manzanillensis Beurl.",147.5,"Coccoloba manzinellensis","coccma",0.81445239765601,326,0.000515624087885846,0.00156942792907726,1939.39737008832,637.174846625767
58,0.1595,0.2387,0.1246,0.073,0.034,0.019,0.031,0.031,0,0.55,"Cojoba rufescens (Benth.) Britton & Rose",127.5,"Cojoba rufescens","pit1ru",0.0302959487548932,2,1.91801521959248e-05,9.62839220292799e-06,52137.2296624669,103859.5
59,0.4619,0.0414,0.0351,0.0193,0.03,0.026,0.024,0.025,15857.5443017072,0.55,"Colubrina glandulosa G.Perkins",160.666666666667,"Colubrina glandulosa","colugl",0.0106633508644472,3,6.75089247586641e-06,1.4442588304392e-05,148128.562790013,69239.6666666667
60,0.1024,0.1074,0.0983,0.0624,0.0570000000000001,0.02,0.011,0.00900000000000001,17827.8530517098,0.55,"Conostegia bracteata Triana",57.1666666666667,"Conostegia bracteata","conobr",0.0113293685070082,5,7.17254356370133e-06,2.407098050732e-05,139420.554384749,41543.8
61,0.1182,0.0923,0.0841,0.0411,0.025,0.017,0.011,0.00800000000000001,24959.1412587417,0.55,"Conostegia cinnamomea (Beurl.) Wurdack",46.6666666666667,"Conostegia cinnamomea","conoci",0.0330212803818823,83,2.09055404916644e-05,0.000399578276421512,47834.2093283227,2502.63855421687
62,0.6863,0.3369,0.4782,0.2818,0.029,0.025,0.046,0.052,8122.33770318819,0.55,"Cordia alliodora (Ruiz & Pav.) Oken",613,"Cordia alliodora","cordal",4.57900009790592,221,0.00289893277459433,0.00106393733842354,344.954532496856,939.904977375566
63,0.2181,0.163,0.0837,0.0413,0.025,0.011,0.00800000000000001,0.00800000000000001,10510.710290435,0.55,"Cordia bicolor DC.",601.166666666667,"Cordia bicolor","cordbi",18.1503944764824,729,0.0114908871576031,0.00350954895796725,87.0254825658379,284.936899862826
64,0.1352,0.1966,0.1257,0.132,0.096,0.054,0.042,0.034,6344.77159593487,0.55,"Cordia lasiocalyx Pittier",262.333333333333,"Cordia lasiocalyx","cordla",4.25012561255753,1077,0.00269072464969381,0.00518488920127673,371.647095184487,192.868152274838
65,0.3906,0.3567,0.1987,0.1336,0.0590000000000001,0.082,0.143,0.181,5309.07321011232,0.55,"Coussarea curvigemma Dwyer",180.333333333333,"Coussarea curvigemmia","cou2cu",3.15547456612784,1962,0.00199770876688345,0.00944545275107236,500.573465250425,105.871049949032
66,0.4592,0.1461,0.228,0.2725,0.031,0.028,0.0590000000000001,0.0600000000000001,1961.8542693156,0.55,"Coutarea hexandra (Jacq.) K.Schum.",145.333333333333,"Coutarea hexandra","couthe",0.068774175576061,3,4.35404471195196e-05,1.4442588304392e-05,22967.1504579403,69239.6666666667
67,0.4701,0.0852,0.0524,0.0802,0.032,0.073,0.043,0.0600000000000001,23835.3537112804,0.55,"Croton billbergianus Müll.Arg.",271.5,"Croton billbergianus","crotbi",2.30943502513631,630,0.00146208708058894,0.00303294354392232,683.953789946076,329.712698412698
68,0.3554,0.2159,0.1759,0.1461,0.031,0.03,0.015,0.045,7026.17909076418,0.55,"Cupania cinerea Poepp.",107.833333333333,"Cupania cinerea","cupaci",0.0219738698155338,19,1.39115025182139e-05,9.14697259278159e-05,71882.9615054686,10932.5789473684
70,0.2092,0.3565,0.2693,0.2259,0.054,0.089,0.156,0.18,9164.14721669934,0.55,"Cupania rufescens Triana & Planch.",279.666666666667,"Cupania rufescens","cuparu",0.249147146985592,124,0.000157733307414322,0.000596960316581536,6339.815073891,1675.15322580645
71,0.4632,0.0728,0.0644,0.0639,0.031,0.132,0.123,0.102,4205.55810736461,0.55,"Cupania sylvatica Seem.",207.666666666667,"Cupania seemannii","cupasy",2.49401615990533,1338,0.00157894409952598,0.00644139438375883,633.334644526182,155.245889387145
72,0.3903,0.1983,0.0372,0.0143,0.00800000000000001,0.012,0.016,0.046,5570.97550339781,0.55,"Damburneya umbrosa (Kunth) Trofimov",183.333333333333,"Damburneya umbrosa","nectpu",0.203818677383272,88,0.000129036171938727,0.000423649256928832,7749.7649300605,2360.44318181818
73,0.4749,0.0372,0.0409,0.0287,0.031,0.038,0.03,0.026,1330.48352519175,0.55,"Dendropanax arboreus (L.) Decne. & Planch.",694.333333333333,"Dendropanax arboreus","dendar",4.11334930780002,69,0.00260413253260022,0.000332179531001016,384.005033338877,3010.42028985507
74,0.1038,0.199,0.1047,0.0686,0.037,0.028,0.029,0.025,5507.92669415487,0.55,"Desmopsis panamensis (B.L.Rob.) Saff.",133.5,"Desmopsis panamensis","des2pa",8.28542362167544,10880,0.0052454434537482,0.0523784535839283,190.641650952397,19.0918198529412
75,0.3106,0.0196,0.0424,0.2707,0.01,0.045,0.045,0.0600000000000001,5581.24298158873,0.55,"Diospyros artanthifolia Mart. ex Miq.",228.5,"Diospyros artanthifolia","dio2ar",0.528546260428927,125,0.000334618922141409,0.000601774512683,2988.47415322617,1661.752
76,0.5042,0.406,0.1474,0.0923,0.01,0.00800000000000001,0.02,0.026,2971.78851660792,0.55,"Dipteryx oleifera Benth.",1616,"Dipteryx oleifera","diptpa",20.2279383376811,61,0.0128061655723471,0.000293665962189304,78.0873864507377,3405.22950819672
77,0.7963,0.5007,0.1491,0.0828,0.024,0.029,0.036,0.0580000000000001,3244.7464820944,0.55,"Drypetes standleyi G.L.Webster",611.666666666667,"Drypetes standleyi","drypst",14.5816049122648,2141,0.00923151157076443,0.0103071938532344,108.324621849246,97.0196170014012
78,0.4245,0.3237,0.1491,0.1101,0.031,0.02,0.012,0.018,1679.49876414303,0.55,"Enterolobium schomburgkii (Benth.) Benth.",239.5,"Enterolobium schomburgkii","entesc",0.241817811324767,14,0.000153093156527912,6.7398745420496e-05,6531.97061632001,14837.0714285714
79,0.4552,0.2525,0.2893,0.0752,0.031,0.036,0.078,0.053,3113.32407507172,0.55,"Erythrina costaricensis Micheli",173.166666666667,"Erythrina costaricensis","ery1co",0.339791519819618,60,0.000215119622684609,0.00028885176608784,4648.5763944748,3461.98333333333
80,0.466,0.0351,0.017,0.0127,0.031,0.023,0.03,0.054,8137.76068031927,0.55,"Erythroxylum macrophyllum Cav.",187.5,"Erythroxylum macrophyllum","ery2ma",0.247844956830679,317,0.000156908899980795,0.00152610016416409,6373.12478847531,655.264984227129
81,0.403,0.26,0.2026,0.2204,0.019,0.023,0.053,0.121,5180.5746212052,0.55,"Erythroxylum panamense Turcz.",67.5,"Erythroxylum panamense","ery2pa",0.0649320077607206,118,4.11079976835663e-05,0.000568075139972752,24326.1665940925,1760.33050847458
82,1.4122,1.7976,0.8628,0.2786,0.0580000000000001,0.0649999999999999,0.127,0.0580000000000001,5168.1859962321,0.55,"Eugenia florida DC.",457.5,"Eugenia coloradoensis","eugeco",2.86725778750405,586,0.00181524075031305,0.0028211189154579,550.891114485801,354.469283276451
83,0.316,0.2564,0.1186,0.0629,0.014,0.00700000000000001,0.012,0.02,6008.84951897569,0.55,"Eugenia galalonensis (C.Wright ex Griseb.) Krug & Urb.",262.5,"Eugenia galalonensis","eugega",1.32734802888292,2269,0.000840334706693191,0.0109234109542218,1190.00202185521,91.5464962538563
84,0.7225,0.8022,0.3174,0.1478,0.04,0.033,0.0620000000000001,0.085,4455.78701447446,0.55,"Eugenia nesiotica Standl.",497.666666666667,"Eugenia nesiotica","eugene",2.23898088288875,518,0.00141748305837876,0.00249375358055835,705.475803812248,401.00193050193
85,0.8199,0.4345,0.1789,0.0963,0.018,0.027,0.034,0.039,7075.92131454948,0.55,"Eugenia oerstediana O.Berg",368.833333333333,"Eugenia oerstediana","eugeoe",5.9110330268335,2023,0.003742233458574,0.00973911871326167,267.220100260943,102.678695007415
86,0.7067,0.4255,0.2228,0.1227,0.016,0.025,0.056,0.084,3761.37656284852,0.55,"Faramea occidentalis (L.) A.Rich.",241.666666666667,"Faramea occidentalis","faraoc",66.6122281158346,23777,0.0421717333795336,0.114467140704509,23.7125657368713,8.73613155570509
87,0.4064,0.073,0.0744,0.0652,0.015,0.005,0.001,0.004,23458.3174515486,0.55,"Ficus citrifolia Mill.",27.5,"Ficus citrifolia","ficuci",0.00282743338823081,1,1.79002820307277e-06,4.814196101464e-06,558650.415833333,207719
89,0.4664,0.0592,0.0952,0.2852,0.031,0.019,0.03,0.0600000000000001,9414.49826553548,0.55,"Ficus costaricana (Liebm.) Miq.",1911.5,"Ficus costaricana","ficuc2",4.69277994443915,6,0.00297096599563626,2.8885176608784e-05,336.590860167634,34619.8333333333
90,0.292,0.0817,0.0429,0.0509,0.019,0.00600000000000001,0.002,0.002,13368.8571634067,0.55,"Ficus insipida Willd.",539.333333333333,"Ficus insipida","ficuin",0.0224396109264285,12,1.42063599416645e-05,5.7770353217568e-05,70391.0082601239,17309.9166666667
91,0.4702,0.0183,0.0186,0.0228,0.031,0.018,0.012,0.011,2303.94952593768,0.55,"Ficus maxima Mill.",521.833333333333,"Ficus maxima","ficuma",0.518226913960048,5,0.00032808581643025,2.407098050732e-05,3047.9830273693,41543.8
92,0.285,0.3975,0.3474,0.3105,0.045,0.041,0.082,0.095,5095.46667499905,0.55,"Ficus obtusifolia Kunth",2000,"Ficus obtusifolia","ficuob",9.76563997828571,11,0.00618255802416074,5.2956157116104e-05,161.745348137795,18883.5454545455
93,0.4632,0.2748,0.2511,0.2324,0.031,0.217,0.23,0.23,5177.65483526314,0.55,"Ficus popenoei Standl.",764.333333333333,"Ficus popenoei","ficupo",4.75167930890681,10,0.00300825476925655,4.814196101464e-05,332.418653572728,20771.9
94,0.4577,0.0327,0.0281,0.0258,0.03,0.029,0.022,0.032,2332.72726855778,0.55,"Ficus tonduzii Standl.",485.333333333333,"Ficus tonduzii","ficuto",0.294707309046115,14,0.000186577125756557,6.7398745420496e-05,5359.71382314455,14837.0714285714
96,0.8666,0.5224,0.2421,0.0623,0.011,0.016,0.033,0.052,3493.8466192215,0.55,"Ficus yoponensis Desv.",943.333333333333,"Ficus yoponensis","ficuyo",2.08701262145665,5,0.00132127302030405,2.407098050732e-05,756.845848384825,41543.8
98,0.4725,0.0638,0.0818,0.0188,0.031,0.044,0.0649999999999999,0.086,4625.82494551883,0.55,"Garcinia madruno (Kunth) Hammel",234.5,"Garcinia madruno","gar2ma",0.624104869571331,406,0.000395116405874648,0.00195456361719438,2530.89971748035,511.62315270936
99,0.4603,0.042,0.0315,0.0187,0.031,0.045,0.099,0.097,1358.42033402193,0.55,"Genipa americana L.",476.833333333333,"Genipa americana","geniam",1.09918436462881,65,0.000695885894695951,0.00031292274659516,1437.01720012147,3195.67692307692
100,0.4586,0.3444,0.0237,0.2851,0.031,0.032,0.051,0.102,1720.64967492514,0.55,"Guapira standleyana Woodson",951.333333333333,"Guapira standleyana","guapst",12.1972656788871,157,0.0077220031624657,0.000755828787929848,129.500076464705,1323.05095541401
101,0.4741,0.1682,0.1071,0.0348,0.031,0.038,0.0620000000000001,0.054,6811.45023997065,0.55,"Guarea bullata Radlk.",298.833333333333,"Guarea bullata","guarsp",1.21954270617866,615,0.000772083914690364,0.00296073060240036,1295.19600262756,337.754471544715
102,0.4766,0.0541,0.0108,0.0071,0.046,0.054,0.086,0.101,4845.77487482912,0.55,"Guarea grandifolia DC.",669,"Guarea grandifolia","guargr",2.62386603825983,81,0.0016611511447521,0.000389949884218584,601.992180638827,2564.43209876543
103,0.4545,0.089,0.0503,0.2844,0.032,0.054,0.107,0.152,5059.41097146275,0.55,"Guarea guidonia (L.) Sleumer",573,"Guarea guidonia","guargu",15.7608496240777,1966,0.0099780831084905,0.00946470953547822,100.219650320319,105.655645981689
105,0.3025,0.0884,0.0931,0.0721,0.02,0.019,0.036,0.0600000000000001,5886.70264321763,0.55,"Guazuma ulmifolia Lam.",790.833333333333,"Guazuma ulmifolia","guazul",6.75120485814629,80,0.00427414033911707,0.00038513568811712,233.965176774372,2596.4875
106,1.3623,0.2941,0.2734,0.2345,0.02,0.00700000000000001,0.004,0.017,1965.8451866998,0.55,"Guettarda foliacea Standl.",351,"Guettarda foliacea","guetfo",1.83231113865951,233,0.0011600233019308,0.00112170769164111,862.051648734596,891.497854077253
107,0.4593,0.2801,0.2787,0.2834,0.031,0.022,0.019,0.039,1656.76903535192,0.55,"Gustavia superba (Kunth) O.Berg",472.5,"Gustavia superba","gustsu",20.8743390903149,668,0.0132153973450631,0.00321588299577795,75.6693101152628,310.956586826347
108,0.2867,0.1355,0.0681,0.0525,0.016,0.036,0.056,0.078,19687.8487773827,0.55,"Hamelia axillaris Sw.",58,"Hamelia axillaris","hameax",0.0425041778067431,103,2.69090961927479e-05,0.000495862198450792,37162.1548652944,2016.68932038835
110,0.3673,0.1496,0.136,0.062,0.015,0.018,0.015,0.018,16856.1623078682,0.55,"Hampea appendiculata (Donn.Sm.) Standl.",393.833333333333,"Hampea appendiculata","hampap",1.21999352472445,117,0.000772369324742743,0.000563260943871288,1294.71739485909,1775.37606837607
111,0.4978,0.4872,0.3782,0.257,0.124,0.126,0.171,0.232,2459.09559601117,0.55,"Handroanthus guayacan (Seem.) S.O.Grose",1175.33333333333,"Handroanthus guayacan","tab1gu",7.7354352059876,66,0.00489724965383676,0.000317736942696624,204.196247013167,3147.25757575758
112,0.1,0.0958,0.0416,0.0253,0.015,0.00900000000000001,0.00900000000000001,0.028,4026.73840671101,0.55,"Hasseltia floribunda Kunth",342.333333333333,"Hasseltia floribunda","hassfl",3.78265741110153,387,0.00239477381734916,0.00186309389126657,417.575970121022,536.741602067184
113,0.2873,0.1846,0.1772,0.1395,0.0580000000000001,0.042,0.048,0.0620000000000001,2555.38647579259,0.55,"Heisteria acuminata (Kunth) Engl.",139.666666666667,"Heisteria acuminata","heisac",0.31469804849907,95,0.000199233122382338,0.00045734862963908,5019.24573606265,2186.51578947368
114,0.6119,0.5509,0.2218,0.1869,0.018,0.03,0.036,0.03,2290.07093937921,0.55,"Heisteria concinna Standl.",456.333333333333,"Heisteria concinna","heisco",10.900352614234,871,0.00690093661768842,0.00419316480437514,144.907866192657,238.483352468427
115,0.4755,0.164,0.1509,0.1341,0.031,0.0679999999999999,0.0620000000000001,0.0659999999999999,3971.23270957835,0.55,"Herrania purpurea (Pittier) R.E.Schult.",76.5,"Herrania purpurea","herrpu",0.495565035353378,536,0.000313738740382622,0.0025804091103847,3187.36538171998,387.535447761194
116,0.618,0.2228,0.0767,0.0506,0.00900000000000001,0.00800000000000001,0.00800000000000001,0.015,6579.15660845351,0.55,"Hieronyma alchorneoides Allemão",1217.5,"Hieronyma alchorneoides","hyeral",11.124560227939,110,0.00704288088189152,0.00052956157116104,141.987351024376,1888.35454545455
117,0.483,0.3628,0.0431,0.0246,0.031,0.029,0.043,0.017,5039.19019510279,0.55,"Hirtella americana L.",295.5,"Hirtella americana","hirtam",0.0862162979887915,18,5.4582932212253e-05,8.66555298263519e-05,18320.7453222074,11539.9444444444
118,0.2667,0.1967,0.1933,0.0739,0.019,0.021,0.035,0.025,4171.480453353,0.55,"Hirtella triandra Sw.",435.5,"Hirtella triandra","hirttr",25.4941406228094,4165,0.0161401612210879,0.0200511267625975,61.9572497636178,49.8725090036014
119,0.463,0.2592,0.0471,0.0225,0.013,0.012,0.023,0.031,780.129864265756,0.55,"Hura crepitans L.",2000,"Hura crepitans","huracr",62.9148280315643,94,0.0398309353764978,0.000452534433537616,25.1061138923202,2209.77659574468
120,0.4606,0.1415,0.0562,0.0809,0.031,0.073,0.107,0.107,5938.00385407547,0.55,"Inga acuminata Benth.",262.333333333333,"Inga acuminata","ingas1",2.42808276948628,895,0.00153720213352049,0.00430870551081028,650.532534527391,232.088268156425
121,0.1546,0.1554,0.1256,0.0798,0.04,0.029,0.027,0.03,10185.8346558595,0.55,"Inga cocleensis Pittier",290.166666666667,"Inga cocleensis","ingaco",0.166488702676991,58,0.000105402827357602,0.000279223373884912,9487.41153410699,3581.36206896552
122,0.4767,0.1421,0.0849,0.0718,0.031,0.018,0.01,0.021,4918.08893337699,0.55,"Inga goldmanii Pittier",461.333333333333,"Inga goldmanii","ingago",1.6159598627829,308,0.00102305282998196,0.00148277239925091,977.466628011416,674.412337662338
123,0.1496,0.0801,0.0557,0.051,0.056,0.032,0.017,0.013,6315.17517643706,0.55,"Inga laurina (Sw.) Willd.",458,"Inga laurina","ingafa",0.408050474200491,51,0.000258333886887124,0.000245524001174664,3870.95944728667,4072.92156862745
124,0.6129,0.3432,0.2132,0.1212,0.019,0.019,0.079,0.162,10185.6740247692,0.55,"Inga marginata Kunth",634.333333333333,"Inga marginata","ingama",6.91768099445267,1104,0.00437953521079377,0.00531487249601625,228.33473231027,188.151268115942
126,0.4612,0.3471,0.025,0.0192,0.031,0.033,0.051,0.0669999999999999,3364.59180604813,0.55,"Inga nobilis Willd.",220,"Inga nobilis","ingaqu",2.21327872799156,540,0.00140121120478277,0.00259966589479056,713.668286826916,384.664814814815
127,0.1089,0.0618,0.0327,0.0239,0.022,0.00800000000000001,0.00900000000000001,0.024,13254.4376073979,0.55,"Inga oerstediana Benth.",227.333333333333,"Inga oerstediana","ingami",0.0231880953761463,6,1.46802201854224e-05,2.8885176608784e-05,68118.8692927787,34619.8333333333
128,0.4656,0.3549,0.0278,0.0437,0.03,0.033,0.018,0.0580000000000001,7463.78416345298,0.55,"Inga pezizifera Benth.",422.166666666667,"Inga pezizifera","ingape",0.925986005441918,159,0.000586235230966447,0.000765457180132776,1705.79990279915,1306.40880503145
129,0.4721,0.3512,0.0412,0.0703,0.031,0.0669999999999999,0.17,0.234,9603.98657533992,0.55,"Inga punctata Willd.",392.166666666667,"Inga punctata","ingapu",0.492428155088769,47,0.000311752803537324,0.000226267216768808,3207.6696300833,4419.55319148936
130,0.4664,0.3496,0.0225,0.0197,0.031,0.0600000000000001,0.127,0.153,3358.86436379736,0.55,"Inga ruiziana G.Don",218.833333333333,"Inga ruiziana","ingaru",0.178823380833148,7,0.000113211825393507,3.3699372710248e-05,8832.99952566045,29674.1428571429
131,0.4662,0.1469,0.0946,0.0272,0.029,0.0610000000000001,0.069,0.087,4547.90609894054,0.55,"Inga sapindoides Willd.",293,"Inga sapindoides","ingasa",1.95786253286573,210,0.00123950900705819,0.00101098118130744,806.771063627334,989.138095238095
132,0.4652,0.0369,0.0295,0.0188,0.031,0.07,0.0580000000000001,0.054,5435.63075787758,0.55,"Inga spectabilis (Vahl) Willd.",409.666666666667,"Inga spectabilis","ingasp",0.714955802122331,20,0.000452633492649772,9.62839220292799e-05,2209.29298480737,10385.95
133,0.4709,0.3487,0.0163,0.0277,0.031,0.056,0.05,0.047,8031.29115645926,0.55,"Inga thibaudiana DC.",275.333333333333,"Inga thibaudiana","ingath",1.51038428546453,287,0.000956213674109276,0.00138167428112017,1045.79136136231,723.759581881533
134,0.4788,0.0301,0.0319,0.0249,0.031,0.07,0.0620000000000001,0.0639999999999999,4983.07318268406,0.55,"Inga umbellifera (Vahl) DC.",153.333333333333,"Inga umbellifera","ingaum",1.43433261050643,770,0.00090806589328707,0.00370693099812728,1101.24166912617,269.764935064935
135,0.4619,0.191,0.0336,0.2814,0.031,0.0679999999999999,0.0639999999999999,0.07,4029.05756960044,0.55,"Jacaranda copaia (Aubl.) D.Don",1005,"Jacaranda copaia","jac1co",43.0373422083728,307,0.027246638827621,0.00147795820314945,36.701774715282,676.609120521173
137,0.1927,0.0357,0.0402,0.04,0.025,0.00900000000000001,0.00600000000000001,0.01,7272.46085128447,0.55,"Lacistema aggregatum (P.J.Bergius) Rusby",218.333333333333,"Lacistema aggregatum","laciag",1.3750806022634,1352,0.000870553863371454,0.00650879312917932,1148.69400053804,153.638313609467
138,0.4661,0.3485,0.0276,0.2836,0.032,0.032,0.125,0.0580000000000001,2341.03627269238,0.55,"Lacmellea panamensis (Woodson) Markgr.",372.833333333333,"Lacmellea panamensis","lacmpa",2.41585490548034,104,0.00152946075877226,0.000500676394552256,653.825208828978,1997.29807692308
139,0.4673,0.2083,0.0962,0.2839,0.044,0.044,0.0580000000000001,0.102,6821.2638186173,0.55,"Laetia procera (Poepp. & Endl.) Eichler",509.5,"Laetia procera","laetpr",1.1391705559237,33,0.000721200871327852,0.000158868471348312,1386.57625046796,6294.51515151515
140,0.1255,0.1212,0.0507,0.0366,0.0610000000000001,0.024,0.026,0.024,6302.34412555102,0.55,"Laetia thamnia L.",174.833333333333,"Laetia thamnia","laetth",0.942433813779788,433,0.000596648222807766,0.00208454691193391,1676.02946220824,479.720554272517
141,0.4657,0.2318,0.0676,0.0551,0.015,0.01,0.01,0.015,0,0.55,"Lafoensia punicifolia Bertero ex DC.",454.333333333333,"Lafoensia punicifolia","lafopu",0.221779162583845,4,0.00014040682886869,1.9256784405856e-05,7122.16071011198,51929.75
142,0.2243,0.0467,0.0347,0.0291,0.026,0.014,0.014,0.014,3989.84045100492,0.55,"Licania hypoleuca Benth.",329.166666666667,"Licania hypoleuca","licahy",0.43911768395184,160,0.000278002318998443,0.00077027137623424,3597.09229621786,1298.24375
144,0.4762,0.1231,0.0903,0.0409,0.031,0.037,0.036,0.025,2491.46818380343,0.55,"Lindackeria laurina C.Presl",452.5,"Lindackeria laurina","lindla",1.36282367852542,38,0.000862794091111134,0.000182939451855632,1159.02509104133,5466.28947368421
145,0.4733,0.3553,0.0832,0.285,0.03,0.032,0.026,0.0620000000000001,6138.27212691362,0.55,"Lonchocarpus heptaphyllus (Poir.) DC.",583.666666666667,"Lonchocarpus heptaphyllus","loncla",5.00788797077951,631,0.00317045867210804,0.00303775774002378,315.41177584097,329.190174326466
146,0.465,0.0215,0.0362,0.0302,0.031,0.016,0.018,0.018,17877.8657248399,0.55,"Lozania pittieri (S.F.Blake) L.B.Sm.",105.166666666667,"Lozania pittieri","lozapi",0.00223210158037555,1,1.41312782031467e-06,4.814196101464e-06,707650.069317382,207719
147,0.3199,0.2348,0.1781,0.0467,0.033,0.055,0.106,0.185,10412.9350007426,0.55,"Luehea seemannii Triana & Planch.",1357,"Luehea seemannii","luehse",17.8923063568046,197,0.0113274933832266,0.000948396631988407,88.2807842978541,1054.41116751269
148,0.4631,0.0489,0.0297,0.0839,0.031,0.027,0.027,0.028,0,0.55,"Maclura tinctoria (L.) D.Don ex Steud.",202,"Maclura tinctoria","maclti",0.118847235483465,1,7.5241349365882e-05,4.814196101464e-06,13290.5644094342,207719
149,0.3844,0.2445,0.4682,0.2731,0.021,0.043,0.03,0.0590000000000001,3483.13563082144,0.55,"Macrocnemum roseum (Ruiz & Pav.) Wedd.",622.166666666667,"Macrocnemum roseum","macrgl",1.57312503234937,89,0.000995934399935461,0.000428463453030296,1004.08219664348,2333.92134831461
150,0.4634,0.1443,0.1681,0.1821,0.031,0.09,0.11,0.164,9113.29454500437,0.55,"Malpighia romeroana Cuatrec.",28.5,"Malpighia romeroana","malpro",0.00971851687388003,41,6.15272471800625e-06,0.000197382040160024,162529.618312591,5066.31707317073
151,0.6816,0.4335,0.1501,0.1012,0.053,0.042,0.0639999999999999,0.076,2986.10881766887,0.55,"Maquira guianensis Aubl.",250.333333333333,"Maquira guianensis","maquco",4.40154802226606,1227,0.00278658911287931,0.00590701861649632,358.861661871178,169.290138549307
152,0.4531,0.0882,0.0804,0.0698,0.021,0.012,0.023,0.023,10103.6512529515,0.55,"Margaritaria nobilis L.f.",101.166666666667,"Margaritaria nobilis","margno",0.0482587901499562,2,3.05523008160574e-05,9.62839220292799e-06,32730.7591667345,103859.5
153,0.2147,0.1247,0.1149,0.2832,0.019,0.012,0.018,0.052,4173.76680072628,0.55,"Marila laxiflora Rusby",251.166666666667,"Marila laxiflora","mar1la",0.145440031897939,25,9.20770618458379e-05,0.0001203549025366,10860.468176909,8308.76
154,0.4565,0.3446,0.7514,0.279,0.03,0.148,0.132,0.103,9953.36120429554,0.55,"Miconia affinis DC.",133,"Miconia affinis","micoaf",0.742471441378797,443,0.000470053450446008,0.00213268887294855,2127.41763527351,468.89164785553
155,0.308,0.4233,0.4837,0.3367,0.112,0.109,0.206,0.189,23920.4885893379,0.55,"Miconia argentea (Sw.) DC.",422.666666666667,"Miconia argentea","micoar",2.04230461640341,635,0.00129296869657302,0.00305701452442964,773.413929239335,327.116535433071
156,0.4738,0.3569,0.1896,0.2797,0.031,0.03,0.094,0.089,7790.21305236282,0.55,"Miconia dorsiloba Gleason",21.75,"Miconia dorsiloba","micodo",0.00224309715466311,3,1.4200890411044e-06,1.4442588304392e-05,704181.196428571,69239.6666666667
157,0.7565,0.2561,0.0668,0.032,0.01,0.011,0.011,0.01,10665.4165957479,0.55,"Miconia elata (Sw.) DC.",111,"Miconia elata","micoel",0.00669159235214626,9,4.23640008060557e-06,4.3327764913176e-05,236049.471478873,23079.8888888889
158,0.0723,0.0488,0.0463,0.0359,0.05,0.028,0.019,0.019,6417.74766512134,0.55,"Miconia hondurensis Donn.Sm.",218.166666666667,"Miconia hondurensis","micoho",0.289266070570097,75,0.000183132315925755,0.0003610647076098,5460.53270251558,2769.58666666667
159,0.0499,0.0807,0.0426,0.2791,0.024,0.018,0.042,0.0590000000000001,7945.60069296305,0.55,"Miconia impetiolaris (Sw.) D.Don ex DC.",57.1666666666667,"Miconia impetiolaris","micoim",0.00904700144417521,11,5.72759301977647e-06,5.2956157116104e-05,174593.410625922,18883.5454545455
160,0.7203,0.436,0.1867,0.095,0.011,0.026,0.085,0.122,17821.5418620817,0.55,"Miconia nervosa (Sm.) Triana",49.5,"Miconia nervosa","micone",0.109366694253095,409,6.92392853549677e-05,0.00196900620549877,14442.6678420108,507.870415647922
161,0.4992,0.2717,0.1155,0.1219,0.021,0.027,0.077,0.112,7297.63864143159,0.55,"Miconia prasina (Sw.) DC.",80.8,"Miconia prasina","micopr",0.0219487370743051,4,1.38955911564088e-05,1.9256784405856e-05,71965.2722035354,51929.75
163,0.2784,0.3573,0.2847,0.1798,0.028,0.014,0.018,0.017,4462.47089072345,0.55,"Mosannona garwoodiae Chatrou & Welzenis",145.5,"Mosannona garwoodii","malmsp",0.772594602537743,540,0.000489124212029523,0.00259966589479056,2044.47045434676,384.664814814815
164,0.5178,0.303,0.0977,0.0686,0.00700000000000001,0.00600000000000001,0.038,0.079,7146.09284880258,0.55,"Mouriri myrtilloides (Sw.) Poir.",93.3333333333333,"Mouriri myrtilloides","mourmy",2.85313475772983,7053,0.00180629955943871,0.0339545251036256,553.618027959184,29.4511555366511
166,0.0842,0.0933,0.0366,0.0314,0.012,0.00600000000000001,0.005,0.004,5391.22798494326,0.55,"Myrospermum frutescens Jacq.",389,"Myrospermum frutescens","myrofr",0.460852792725701,11,0.000291762663579508,5.2956157116104e-05,3427.44334635363,18883.5454545455
167,0.048,0.0388,0.031,0.0265,0.013,0.00600000000000001,0.005,0.003,5950.48431848611,0.55,"Nectandra cissiflora Nees",390.5,"Nectandra cissiflora","nectci",1.39078620933686,172,0.000880496972809467,0.000828041729451808,1135.72224650498,1207.66860465116
168,0.4798,0.2344,0.1121,0.0696,0.056,0.05,0.024,0.03,11903.4693483094,0.55,"Nectandra lineata (Kunth) Rohwer",434,"Nectandra lineata","nectgl",0.993799639064144,218,0.000629167565726978,0.00104949475011915,1589.40170230253,952.839449541284
169,0.2766,0.1173,0.0727,0.0367,0.02,0.021,0.031,0.0629999999999999,12087.8175036082,0.55,"Neea amplifolia Donn.Sm.",29.1666666666667,"Neea amplifolia","neeaam",0.0110788264928844,54,7.01392717570682e-06,0.000259966589479056,142573.479157805,3846.64814814815
170,0.4201,0.3762,0.0862,0.0685,0.017,0.011,0.016,0.012,21611.3799193781,0.55,"Ochroma pyramidale (Cav. ex Lam.) Urb.",581,"Ochroma pyramidale","ochrpy",0.762545433037073,7,0.000482762153457768,3.3699372710248e-05,2071.4134130804,29674.1428571429
171,0.7023,0.2339,0.0885,0.0563,0.034,0.039,0.041,0.045,7468.63078920648,0.55,"Ocotea cernua (Nees) Mez",307,"Ocotea cernua","ocotce",1.2162738790226,341,0.00077001444319559,0.00164164087059922,1298.67693890255,609.146627565982
172,0.4664,0.0247,0.0217,0.035,0.03,0.014,0.00800000000000001,0.005,11242.4092550728,0.55,"Ocotea oblonga (Meisn.) Mez",605.333333333333,"Ocotea oblonga","ocotob",3.60778772462292,288,0.00228406504805962,0.00138648847722163,437.815902331472,721.246527777778
173,0.4628,0.0398,0.0304,0.028,0.031,0.01,0.005,0.005,10360.2933648827,0.55,"Ocotea puberula (Rich.) Nees",642.166666666667,"Ocotea puberula","ocotpu",2.58933051021892,166,0.00163928694471168,0.000799156552843024,610.021328618513,1251.31927710843
174,0.6134,0.2785,0.1026,0.0851,0.016,0.00600000000000001,0.016,0.053,6540.37579438162,0.55,"Ocotea whitei Woodson",1361,"Ocotea whitei","ocotwh",21.9601127813037,391,0.0139027930365459,0.00188235067567242,71.9279929846708,531.250639386189
175,0.4594,0.2844,0.3717,0.2813,0.031,0.027,0.0649999999999999,0.0590000000000001,8938.93286241992,0.55,"Ormosia amazonica Ducke",69,"Ormosia amazonica","ormoam",0.0113097335529233,1,7.1601128122911e-06,4.814196101464e-06,139662.603958333,207719
176,0.2267,0.1524,0.0505,0.0371,0.014,0.017,0.019,0.018,4341.02154745281,0.55,"Ormosia coccinea (Aubl.) Jacks.",337.166666666667,"Ormosia coccinea","ormocr",1.06309453362254,113,0.000673037676373897,0.000544004159465432,1485.80092185577,1838.22123893805
177,0.5613,0.8417,0.2873,0.2833,0.03,0.045,0.123,0.0590000000000001,5873.16992632421,0.55,"Ormosia macrocalyx Ducke",444,"Ormosia macrocalyx","ormoma",0.8943988621064,109,0.000566237632557785,0.000524747375059576,1766.04298708096,1905.67889908257
178,0.4583,0.7531,0.2848,0.2751,0.032,0.047,0.12,0.0590000000000001,4800.31631654003,0.55,"Ouratea lucens (Kunth) Engl.",83.3333333333333,"Ouratea lucens","ouralu",0.556162430650308,1200,0.000352102525384866,0.0057770353217568,2840.08187361607,173.099166666667
179,0.4564,0.4245,0.2262,0.0689,0.022,0.02,0.019,0.055,1990.86716523702,0.55,"Pachira sessilis Benth.",507.333333333333,"Pachira sessilis","pochse",0.881281927379499,18,0.000557933393385697,8.66555298263519e-05,1792.32863968174,11539.9444444444
183,0.182,0.0769,0.0438,0.1555,0.018,0.013,0.021,0.022,25231.5709282273,0.55,"Palicourea guianensis Aubl.",89.5,"Palicourea guianensis","paligu",0.618914958507601,1321,0.000391830709661897,0.00635955305003394,2552.12257574931,157.243754731264
184,0.1265,0.0834,0.0702,0.0432,0.024,0.033,0.025,0.0620000000000001,4854.4359584454,0.55,"Pentagonia macrophylla Benth.",101.833333333333,"Pentagonia macrophylla","pentma",0.26153994460584,313,0.000165579100474401,0.00150684337975823,6039.40954585995,663.638977635783
185,0.19,0.2738,0.2534,0.074,0.027,0.014,0.012,0.0659999999999999,3208.85363827215,0.55,"Perebea xanthochyma H.Karst.",198.666666666667,"Perebea xanthochyma","perexa",0.952580372652719,221,0.000603071937906515,0.00106393733842354,1658.17697217245,939.904977375566
186,0.8851,1.8921,0.8464,0.847,0.079,0.069,0.072,0.037,6210.09950242671,0.55,"Picramnia latifolia Tul.",231,"Picramnia latifolia","picrla",1.32069963342976,1133,0.000836125654265688,0.00545448418295871,1195.9924861751,183.335392762577
190,1.1019,0.7543,0.4042,0.2899,0.0600000000000001,0.087,0.124,0.0590000000000001,181681.25736105,0.55,"Piper cordulatum C.DC.",53.3333333333333,"Piper cordulatum","pipeco",0.0201156177609354,68,1.273505620475e-05,0.000327365334899552,78523.4068795877,3054.69117647059
191,0.1105,0.0767,0.0492,0.0237,0.046,0.025,0.021,0.02,5593.61321389548,0.55,"Piper reticulatum L.",143.333333333333,"Piper reticulatum","pipere",0.548318659192458,135,0.000347136688811508,0.00064991647369764,2880.70962312771,1538.65925925926
193,0.4715,0.6026,0.2056,0.3275,0.031,0.07,0.23,0.122,9298.85587793359,0.55,"Platymiscium pinnatum (Jacq.) Dugand",889,"Platymiscium pinnatum","pla1pi",7.79259098653252,178,0.00493343457673182,0.000856926906060592,202.698542860267,1166.9606741573
194,0.2113,0.2376,0.1081,0.0646,0.032,0.021,0.025,0.034,7032.11462908854,0.55,"Platypodium elegans Vogel",1445.16666666667,"Platypodium elegans","pla2el",10.4524918779272,101,0.00661739913370203,0.000486233806247864,151.116772586235,2056.62376237624
196,0.5219,0.4149,0.2026,0.1534,0.023,0.016,0.036,0.019,2230.25988400188,0.55,"Posoqueria latifolia (Rudge) Schult.",320,"Posoqueria latifolia","posola",0.546735296495049,75,0.000346134273017788,0.0003610647076098,2889.05224923685,2769.58666666667
197,0.4626,0.1072,0.1108,0.1222,0.031,0.052,0.0649999999999999,0.03,2374.83796685735,0.55,"Poulsenia armata (Miq.) Standl.",1362.83333333333,"Poulsenia armata","poular",20.8130631110048,855,0.0131766039532921,0.00411613766675172,75.8920890044779,242.946198830409
198,0.475,0.348,0.0847,0.1759,0.031,0.051,0.029,0.0659999999999999,7094.16538340318,0.55,"Pourouma bicolor Mart.",444.166666666667,"Pourouma bicolor","pourbi",1.80961313173732,161,0.00114565335330058,0.000775085572335703,872.864376575201,1290.1801242236
199,1.1836,0.675,0.2858,0.0505,0.05,0.041,0.076,0.094,1441.94886034031,0.55,"Pouteria fossicola Cronquist",323.75,"Pouteria fossicola","poutfo",0.477404273621139,4,0.000302241289788274,1.9256784405856e-05,3308.61478489759,51929.75
200,0.4741,0.3531,0.0288,0.2844,0.031,0.033,0.04,0.0580000000000001,7340.3799325378,0.55,"Pouteria reticulata (Engl.) Eyma",919.333333333333,"Pouteria reticulata","poutre",20.9133615980633,1013,0.0132401022204158,0.00487678065078303,75.5281177858306,205.053307008885
201,0.1471,0.1807,0.1229,0.1055,0.012,0.00800000000000001,0.00800000000000001,0.00800000000000001,2861.69862139441,0.55,"Pouteria stipitata Cronquist",415.166666666667,"Pouteria stipitata","poutst",1.37974900894663,56,0.00087350939882675,0.000269594981681984,1144.80737281493,3709.26785714286
202,0.467,0.0692,0.0299,0.0383,0.03,0.039,0.045,0.073,1856.5767416469,0.55,"Prioria copaifera Griseb.",1390.5,"Prioria copaifera","pri2co",75.879064076741,1273,0.048038502086559,0.00612847163716367,20.816635751842,163.172820109976
203,0.4279,0.2829,0.154,0.1127,0.052,0.047,0.044,0.0639999999999999,6034.0477244493,0.55,"Protium confusum (Rose) Pittier",48.3333333333333,"Protium confusum","protsp",0.0171350317308421,15,1.08480681406774e-05,7.221294152196e-05,92182.311821057,13847.9333333333
204,0.8777,1.187,0.5777,0.4493,0.038,0.049,0.159,0.336,5219.97068884724,0.55,"Protium costaricense (Rose) Engl.",252.833333333333,"Protium costaricense","protco",3.12249491184862,738,0.00197682957958477,0.00355287672288043,505.860500230904,281.462059620596
205,0.5002,0.4857,0.1648,0.0912,0.04,0.035,0.0649999999999999,0.113,4930.05761394115,0.55,"Protium panamense (Rose) I.M.Johnst.",333.333333333333,"Protium panamense","protpa",3.86356677370024,3114,0.00244599696607026,0.0149914066599589,408.831251171419,66.7048811817598
207,0.4934,0.1166,0.0608,0.0567,0.026,0.038,0.053,0.085,10484.6613793816,0.55,"Pseudobombax septenatum (Jacq.) Dugand",1274,"Pseudobombax septenatum","pse1se",4.34783150027866,32,0.00275258156040127,0.000154054275246848,363.295320431567,6491.21875
208,0.2822,0.0863,0.0726,0.0654,0.018,0.00700000000000001,0.00700000000000001,0.011,4387.25495317668,0.55,"Psidium friedrichsthalianum (O.Berg) Nied.",158.333333333333,"Psidium friedrichsthalianum","psidfr",0.177229807959615,56,0.000112202945609053,0.000269594981681984,8912.42199188145,3709.26785714286
209,0.4698,0.0182,0.0197,0.0204,0.03,0.00700000000000001,0.00800000000000001,0.01,17902.457369799,0.55,"Psychotria biaristata Bartl. ex DC.",34.6666666666667,"Psychotria graciliflora","psycg1",0.016982664487143,66,1.07516055097341e-05,0.000317736942696624,93009.3648892383,3147.25757575758
210,0.4485,0.0451,0.0484,0.2863,0.031,0.023,0.00900000000000001,0.084,11010.5322842165,0.55,"Psychotria chagrensis Standl.",22.1666666666667,"Psychotria chagrensis","psycch",0.00494408143858694,22,3.13006320509531e-06,0.000105912314232208,319482.366481334,9441.77272727273
211,0.0677,0.0589,0.0577,0.0398,0.018,0.015,0.017,0.02,16076.1382232365,0.55,"Psychotria grandis Sw.",116.5,"Psychotria grandis","psycg3",0.0466612902856058,45,2.95409348813213e-05,0.00021663882456588,33851.3321943748,4615.97777777778
212,0.3346,0.3235,0.2304,0.1589,0.052,0.03,0.069,0.149,17812.0206241965,0.55,"Psychotria horizontalis Sw.",85.3333333333333,"Psychotria horizontalis","psycho",0.631051716326582,1742,0.000399514405723587,0.00838632960875028,2503.03865310898,119.241676234214
213,0.4703,0.0709,0.0656,0.0495,0.031,0.00800000000000001,0.016,0.025,16037.351137039,0.55,"Psychotria limonensis K.Krause",23.1666666666667,"Psychotria limonensis","psycli",0.0153309721495182,58,9.70593070110571e-06,0.000279223373884912,103029.789805328,3581.36206896552
214,0.472,0.0457,0.0491,0.0325,0.031,0.01,0.034,0.01,12012.1265599577,0.55,"Psychotria marginata Sw.",44.3333333333333,"Psychotria marginata","psycma",0.173461467571634,922,0.000109817235798402,0.00443868880554981,9106.0387081292,225.291757049892
217,0.133,0.1236,0.1033,0.0657,0.018,0.035,0.0639999999999999,0.07,0,0.55,"Pterocarpus officinalis Jacq.",109.333333333333,"Pterocarpus officinalis","pterof",0.00515299735005066,1,3.26232640010013e-06,4.814196101464e-06,306529.720621856,207719
218,0.514,0.6358,0.6788,0.7329,0.037,0.056,0.175,0.243,7433.66226252848,0.55,"Pterocarpus rohrii Vahl",830.166666666667,"Pterocarpus hayesii","pterro",2.42270200666884,1055,0.00153379561040404,0.00507897688704452,651.977351621562,196.890047393365
219,0.5755,0.5882,0.5219,0.2766,0.055,0.08,0.124,0.164,2776.85775482903,0.55,"Quararibea asterolepis Pittier",1987,"Quararibea asterolepis","quaras",88.5767791821597,2244,0.0560773362631282,0.0108030560516852,17.8325160686621,92.5663992869875
220,0.4276,0.6709,1.0635,0.8717,0.077,0.101,0.139,0.186,1419.13521339522,0.55,"Quassia amara L.",119.333333333333,"Quassia amara","quasam",0.320695348874773,112,0.000203029971093078,0.000539189963363968,4925.38118690641,1854.63392857143
221,0.5991,0.3036,0.2896,0.2809,0.028,0.028,0.124,0.198,3377.62685437554,0.55,"Randia armata (Sw.) DC.",271.333333333333,"Randia armata","randar",4.90535031355716,922,0.00310554280209355,0.00443868880554981,322.004900182302,225.291757049892
222,0.3519,0.1745,0.0916,0.1319,0.032,0.02,0.017,0.031,6215.88616731763,0.55,"Rauvolfia littoralis Rusby",23,"Rauvolfia littoralis","rauvli",0.00041547562843725,1,2.63034699840416e-07,4.814196101464e-06,3801779.76748582,207719
223,0.8879,0.1498,0.0301,0.2847,0.028,0.027,0.035,0.0590000000000001,4770.91615937904,0.55,"Rinorea sylvatica (Seem.) Kuntze",94,"Rinorea sylvatica","rinosy",1.23590333532039,2234,0.000782441713995423,0.0107549140906706,1278.05046959172,92.9807520143241
224,0.4245,0.3526,0.3403,0.3323,0.01,0.055,0.142,0.199,0,0.55,"Rosenbergiodendron formosum (Jacq.) Fagerl.",56.25,"Rosenbergiodendron formosum","randfo",0.00220618344098343,1,1.39671922845317e-06,4.814196101464e-06,715963.509077964,207719
225,0.4515,0.1743,0.0742,0.0669,0.031,0.115,0.1,0.098,15095.4761276567,0.55,"Sapium glandulosum (L.) Morong",878.833333333333,"Sapium glandulosum","sapiau",1.33760140190607,33,0.000846826045079612,0.000158868471348312,1180.88007071864,6294.51515151515
226,0.4785,0.3113,0.3814,0.2394,0.031,0.018,0.027,0.038,3884.78248517152,0.55,"Schizolobium parahyba (Vell.) S.F.Blake",111.5,"Schizolobium parahyba","schipa",0.0702059564279345,9,4.44468975123534e-05,4.3327764913176e-05,22498.7582029109,23079.8888888889
227,0.1061,0.1132,0.0652,0.0525,0.023,0.037,0.086,0.143,10846.2957980642,0.55,"Senna dariensis (Britton & Rose) H.S.Irwin & Barneby",88.1666666666667,"Senna dariensis","sennda",0.205994230295883,245,0.00013041349919498,0.00117947804485868,7667.9178625896,847.832653061224
228,0.471,0.0409,0.0395,0.0286,0.031,0.013,0.014,0.016,10027.9575939574,0.55,"Simarouba amara Aubl.",726.5,"Simarouba amara","simaam",15.0189405277839,1824,0.00950838567476488,0.00878109368907033,105.170323775779,113.881030701754
229,0.1253,0.1202,0.0632,0.0375,0.015,0.011,0.01,0.015,933.021094810787,0.55,"Siparuna cristata (Poepp. & Endl.) A.DC.",194.5,"Siparuna cristata","sipacr",0.22830189433086,25,0.000144536324487168,0.0001203549025366,6918.6760044447,8308.76
230,0.5108,0.294,0.0459,0.0232,0.01,0.017,0.021,0.026,6938.63027833986,0.55,"Siparuna pauciflora (Beurl.) A.DC.",191.666666666667,"Siparuna pauciflora","sipapa",0.75087284553266,542,0.000475372320359416,0.00260929428699349,2103.61427700276,383.245387453875
231,0.4726,0.2874,0.1397,0.2844,0.031,0.087,0.356,0.243,1307.45390797083,0.55,"Sloanea terniflora (Moc. & Sessé ex DC.) Standl.",1351.33333333333,"Sloanea terniflora","sloate",5.36158103809126,410,0.00339437926679109,0.00197382040160024,294.604674787965,506.631707317073
232,0.4759,0.3592,0.1917,0.2844,0.032,0.081,0.335,0.256,17160.7973071666,0.55,"Solanum asperum Rich.",75.5,"Solanum asperum","solaas",0.00962269829794554,12,6.09206265112434e-06,5.7770353217568e-05,164148.016405485,17309.9166666667
234,0.1311,0.0995,0.0495,0.0218,0.013,0.00700000000000001,0.017,0.024,12312.3949859197,0.55,"Solanum hayesii Fernald",230.166666666667,"Solanum hayesii","solaha",0.514257511642237,162,0.000325572815725158,0.000779899768437168,3071.50951092974,1282.21604938272
235,0.1536,0.0365,0.0281,0.0337,0.015,0.004,0.00700000000000001,0.01,14821.621900962,0.55,"Solanum lepidotum Dunal",41.1666666666667,"Solanum lepidotum","solast",0.00306148204092325,3,1.93820275988269e-06,1.4442588304392e-05,515941.892508979,69239.6666666667
236,0.4602,0.1826,0.2881,0.2747,0.031,0.049,0.156,0.0590000000000001,3802.48931126729,0.55,"Sorocea affinis Hemsl.",161.666666666667,"Sorocea affinis","soroaf",3.35381509132142,2122,0.00212327675917872,0.0102157241273066,470.970162357355,97.8883129123468
237,0.4695,0.3102,0.2604,0.2815,0.031,0.045,0.0649999999999999,0.073,0,0.55,"Spachea membranacea Cuatrec.",152.5,"Spachea membranacea","spacme",0.109505709728016,10,6.93272950749522e-05,4.814196101464e-05,14424.3331420743,20771.9
238,0.4694,0.0851,0.0386,0.038,0.03,0.08,0.104,0.107,9440.67761285365,0.55,"Spondias mombin L.",1003.16666666667,"Spondias mombin","sponmo",6.06314187453685,163,0.00383853250082881,0.000784713964538632,260.516225871237,1274.34969325153
239,0.3233,0.266,0.2033,0.1721,0.015,0.032,0.106,0.168,12982.9009964682,0.55,"Spondias radlkoferi Donn.Sm.",795.333333333333,"Spondias radlkoferi","sponra",7.19326778521087,234,0.00455400727082705,0.00112652188774258,219.586825520898,887.688034188034
240,0.5348,0.5208,0.3399,0.2618,0.029,0.021,0.0600000000000001,0.127,4349.91565646321,0.55,"Sterculia apetala (Jacq.) H.Karst.",1249.5,"Sterculia apetala","sterap",7.39007914018031,50,0.0046786071562025,0.0002407098050732,213.738825811499,4154.38
241,0.3175,0.4381,0.1344,0.0617,0.016,0.026,0.07,0.097,7576.2955461026,0.55,"Stylogyne turbacensis (Kunth) Mez",88.6666666666667,"Stylogyne turbacensis","stylst",0.387385077725177,740,0.000245250769642888,0.00356250511508336,4077.45917150886,280.701351351351
242,0.076,0.0844,0.0707,0.0554,0.044,0.018,0.014,0.016,2220.25338566818,0.55,"Swartzia simplex var. continentalis Urb.",250.166666666667,"Swartzia simplex var. continentalis","swars2",5.62059671299994,2955,0.00355836026986419,0.0142259494798261,281.028317584651,70.2940778341794
243,0.0747,0.0806,0.0944,0.0814,0.045,0.033,0.031,0.031,3314.11431123159,0.55,"Swartzia simplex var. grandiflora (Raddi) Cowan",379.666666666667,"Swartzia simplex var. grandiflora","swars1",8.30198766894149,2931,0.00525593003563786,0.014110408773391,190.261284533754,70.8696690549301
244,0.7001,0.3475,0.0747,0.2868,0.027,0.016,0.03,0.0580000000000001,6082.8822158292,0.55,"Symphonia globulifera L.f.",780.833333333333,"Symphonia globulifera","sympgl",0.917721260568487,150,0.000581002879082854,0.0007221294152196,1721.16186683714,1384.79333333333
245,0.4722,0.1861,0.155,0.1728,0.031,0.02,0.025,0.049,6092.2487071369,0.55,"Tabebuia rosea (Bertol.) Bertero ex A.DC.",948,"Tabebuia rosea","tab1ro",5.58016363015008,250,0.0035327623693302,0.001203549025366,283.064609349764,830.876
246,0.5819,0.4197,0.1301,0.0946,0.021,0.025,0.017,0.028,4988.91868762311,0.55,"Tabernaemontana arborea Rose ex Donn.Sm.",889.5,"Tabernaemontana arborea","tab2ar",29.9614680974544,1794,0.0189683948428816,0.00863666780602641,52.7192737331317,115.785395763657
247,0.4359,0.2487,0.0973,0.0669,0.031,0.014,0.00600000000000001,0.01,9253.63209195259,0.55,"Tachigali panamensis VanDerWerff & N.Zamora",1239.66666666667,"Tachigali panamensis","tachve",13.0676659147127,1906,0.00827304743341985,0.00917585776939038,120.874442948362,108.981636935992
248,0.462,0.263,0.1076,0.2775,0.031,0.04,0.033,0.0590000000000001,4539.36556650392,0.55,"Talisia croatii Acev.-Rodr.",114.833333333333,"Talisia croatii","talipr",0.514164049260793,739,0.000325513645348446,0.00355769091898189,3072.06783583389,281.081190798376
249,0.1618,0.1229,0.0559,0.0402,0.011,0.003,0.001,0.003,1434.83356590366,0.55,"Talisia nervosa Radlk.",83,"Talisia nervosa","taline",0.682972032714297,703,0.000432384793062624,0.00338437985932919,2312.75478704258,295.475106685633
250,0.4692,0.2116,0.1775,0.2819,0.031,0.042,0.198,0.22,3340.04205876789,0.55,"Terminalia amazonia (J.F.Gmel.) Exell",884.333333333333,"Terminalia amazonia","termam",4.12553004791616,57,0.00261184407354507,0.000274409177783448,382.871247992495,3644.19298245614
251,0.2413,0.2063,0.154,0.0704,0.033,0.02,0.043,0.072,2408.72409296602,0.55,"Terminalia oblonga (Ruiz & Pav.) Steud.",855,"Terminalia oblonga","termob",7.42572993361325,87,0.00470117742292302,0.000418835060827368,212.712669622717,2387.57471264368
254,0.5776,0.3848,0.0381,0.0415,0.005,0.00700000000000001,0.037,0.043,5974.06164074774,0.55,"Tetrathylacium johansenii Standl.",607,"Tetrathylacium johansenii","tet4jo",0.0397607820219958,1,2.51722716057109e-05,4.814196101464e-06,39726.2517925926,207719
255,0.2436,0.1418,0.0606,0.0417,0.013,0.01,0.013,0.019,375.612321449437,0.55,"Theobroma cacao L.",168.5,"Theobroma cacao","theoca",0.159126380293303,15,0.000100741792808823,7.221294152196e-05,9926.36692398053,13847.9333333333
256,0.5426,0.3975,0.1697,0.103,0.023,0.012,0.011,0.024,6332.64040854428,0.55,"Thevetia ahouai (L.) A.DC.",113.333333333333,"Thevetia ahouai","thevah",0.117705266553885,82,7.45183768638632e-05,0.000394764080320048,13419.5086109684,2533.15853658537
257,0.0715,0.0528,0.0424,0.0341,0.02,0.048,0.055,0.0659999999999999,2553.98081783427,0.55,"Tocoyena pittieri (Standl.) Standl.",427.5,"Tocoyena pittieri","tocopi",0.715428611816696,7,0.00045293282514373,3.3699372710248e-05,2207.83291580306,29674.1428571429
258,0.2354,0.1444,0.0567,0.0346,0.052,0.04,0.039,0.032,4797.44433494642,0.55,"Trattinnickia aspera (Standl.) Swart",764.5,"Trattinnickia aspera","tratas",4.28086374047841,71,0.00271018474241149,0.000341807923203944,368.978536537038,2925.61971830986
259,0.4649,0.0437,0.0381,0.0374,0.031,0.026,0.021,0.018,20765.2277051511,0.55,"Trema micrantha (L.) Blume",415.333333333333,"Trema micrantha","tremmi",0.269852598767239,6,0.000170841783391435,2.8885176608784e-05,5853.3690069764,34619.8333333333
260,0.4687,0.0705,0.037,0.0355,0.031,0.017,0.02,0.018,24148.6429732452,0.55,"Trichanthera gigantea (Kunth) Nees",107.5,"Trichanthera gigantea","tri1gi",0.00624155920451952,2,3.95148725828315e-06,9.62839220292799e-06,253069.271045678,103859.5
261,0.2358,0.1606,0.0533,0.0453,0.038,0.021,0.02,0.026,5092.19695558299,0.55,"Trichilia pallida Sw.",324.666666666667,"Trichilia pallida","tri2pa",2.89859124723279,457,0.0018350777434135,0.00220008761836905,544.936040769512,454.527352297593
262,0.1748,0.0844,0.037,0.034,0.0629999999999999,0.022,0.015,0.011,5052.90381488854,0.55,"Trichilia tuberculata (Triana & Planch.) C.DC.",990.666666666667,"Trichilia tuberculata","tri2tu",69.3635069419479,10369,0.0439135486646467,0.0499183993760802,22.7720152528931,20.0326936059408
263,0.1496,0.1025,0.0383,0.016,0.026,0.011,0.00700000000000001,0.01,13228.960212909,0.55,"Trichospermum galeottii (Turcz.) Kosterm.",323.166666666667,"Trichospermum galeottii","tri4ga",0.0502010798080381,4,3.17819507455571e-05,1.9256784405856e-05,31464.39965268,51929.75
264,0.2935,0.2039,0.0777,0.0462,0.054,0.033,0.025,0.032,3577.71011688524,0.55,"Triplaris cummingiana Fisch. & C.A.Mey.",409,"Triplaris cumingiana","tripcu",4.29501661538283,227,0.00271914482802798,0.00109282251503233,367.762683948407,915.061674008811
265,0.3845,0.2981,0.143,0.1095,0.00700000000000001,0.015,0.013,0.031,4032.48699052974,0.55,"Trophis caucana (Pittier) C.C.Berg",174.166666666667,"Trophis caucana","olmeas",0.807456856214629,124,0.00051119525977341,0.000596960316581536,1956.19967298456,1675.15322580645
266,0.1181,0.0966,0.0718,0.0613,0.039,0.019,0.01,0.00800000000000001,5553.60551898527,0.55,"Trophis racemosa (L.) Urb.",356.666666666667,"Trophis racemosa","tropra",0.743205788661574,212,0.000470518360548751,0.00102060957351037,2125.31557500483,979.806603773585
268,0.7207,0.3525,0.1751,0.2773,0.025,0.055,0.096,0.208,5491.18720366551,0.55,"Unonopsis pittieri Saff.",298.666666666667,"Unonopsis pittieri","unonpi",4.24859879852788,690,0.00268975803446415,0.00332179531001016,371.780653570655,301.042028985507
269,0.4524,0.1535,0.1096,0.2738,0.031,0.03,0.074,0.0610000000000001,28898.6468155075,0.55,"Urera baccifera (L.) Gaudich. ex Wedd.",56.3333333333333,"Urera baccifera","urerba",0.0102376650598857,17,6.48139378529267e-06,8.1841333724888e-05,154287.801841197,12218.7647058824
270,0.4558,0.1686,0.1161,0.0967,0.031,0.015,0.025,0.046,7353.91033106177,0.55,"Vachellia melanoceras (Beurl.) Seigler & Ebinger",127.833333333333,"Vachellia melanoceras","acacme",0.117348695787703,41,7.42926344182535e-05,0.000197382040160024,13460.2845602458,5066.31707317073
271,0.5572,0.4571,0.2724,0.2733,0.026,0.018,0.056,0.049,1990.64362113495,0.55,"Virola multiflora (Standl.) A.C.Sm.",670.5,"Virola multiflora","virosp",2.17148769171719,34,0.00137475359348124,0.000163682667449776,727.40308135346,6109.38235294118
272,0.4606,0.3363,0.1587,0.2225,0.04,0.05,0.075,0.0610000000000001,1763.41620009516,0.55,"Virola sebifera Aubl.",781.333333333333,"Virola sebifera","virose",17.7621713789168,1103,0.01124510584349,0.00531005829991479,88.9275755976023,188.32184950136
273,0.3075,0.2077,0.1361,0.0828,0.016,0.02,0.044,0.0679999999999999,738.529753453872,0.55,"Virola surinamensis (Rol. ex Rottb.) Warb.",1376,"Virola nobilis","virosu",20.8556073441179,159,0.0132035384082177,0.000765457180132776,75.737273530981,1306.40880503145
274,1.596,0.351,0.16,0.2859,0.023,0.0590000000000001,0.106,0.0590000000000001,13146.9795035764,0.55,"Vismia baccifera (L.) Triana & Planch.",117.666666666667,"Vismia baccifera","vismba",0.0851638644498389,50,5.39166439366648e-05,0.0002407098050732,18547.1484681926,4154.38
275,0.6946,0.2486,0.2834,0.2825,0.031,0.047,0.103,0.0580000000000001,7137.36686912753,0.55,"Vismia billbergiana Beurl.",52,"Vismia billbergiana","vismbi",0.008064468341765,7,5.10555821920868e-06,3.3699372710248e-05,195864.968543046,29674.1428571429
276,0.1085,0.1111,0.0925,0.2782,0.0659999999999999,0.035,0.0610000000000001,0.0580000000000001,8165.04332554998,0.55,"Vochysia ferruginea Mart.",516.166666666667,"Vochysia ferruginea","vochfe",0.756361993296645,38,0.00047884746122366,0.000182939451855632,2088.34771190929,5466.28947368421
277,0.6187,0.3111,0.5751,0.2854,0.019,0.025,0.106,0.0590000000000001,4858.49663901075,0.55,"Xylopia macrantha Triana & Planch.",301.166666666667,"Xylopia macrantha","xyl1ma",6.71830138748892,2089,0.00425330938313387,0.0100568556559583,235.111041760896,99.4346577309718
278,0.5465,0.2332,0.2288,0.2732,0.016,0.037,0.053,0.0580000000000001,3731.81060072969,0.55,"Xylosma oligandra Donn.Sm.",87.8333333333333,"Xylosma oligandra","xyl2ol",0.0703873834036793,31,4.45617576553839e-05,0.000149240079145384,22440.7665364874,6700.61290322581
279,0.3387,0.2066,0.0597,0.0176,0.019,0.013,0.015,0.015,7672.81287427219,0.55,"Zanthoxylum acuminatum (Sw.) Sw.",376.5,"Zanthoxylum acuminatum","zantpr",1.04792613889284,71,0.000663434672294468,0.000341807923203944,1507.30741361698,2925.61971830986
280,0.1389,0.1049,0.0578,0.0412,0.052,0.015,0.012,0.00900000000000001,14266.5387377018,0.55,"Zanthoxylum ekmanii (Urb.) Alain",787.5,"Zanthoxylum ekmanii","zantbe",15.3583715498465,235,0.0097232770688536,0.00113133608384404,102.845984221028,883.910638297872
281,0.0902,0.1272,0.0659,0.0484,0.034,0.055,0.029,0.02,9301.55461651747,0.55,"Zanthoxylum panamense P.Wilson",545,"Zanthoxylum panamense","zantp1",3.68795095896641,188,0.00233481582822713,0.000905068867075231,428.299306485052,1104.88829787234
283,0.8187,0.2802,0.0682,0.0399,0.013,0.00800000000000001,0.014,0.042,12482.1752632376,0.55,"Zuelania guidonia (Sw.) Britton & Millsp.",307.5,"Zuelania guidonia","zuelgu",0.384289823563228,25,0.00024329118599058,0.0001203549025366,4110.3009791679,8308.76
